2025-09-20 15:59:51,099 INFO o.h.v.i.u.Version [background-preinit] HV000001: Hibernate Validator 8.0.1.Final
2025-09-20 15:59:51,330 INFO o.s.b.StartupInfoLogger [main] Starting Bootstrap using Java 21 with PID 33500 (C:\Users\koliveiras\workspace-study\ms-reservation-inventory\target\classes started by koliveiras in C:\Users\koliveiras\workspace-study\ms-reservation-inventory)
2025-09-20 15:59:51,330 DEBUG o.s.b.StartupInfoLogger [main] Running with Spring Boot v3.3.5, Spring v6.1.14
2025-09-20 15:59:51,330 INFO o.s.b.SpringApplication [main] The following 1 profile is active: "dev"
2025-09-20 15:59:54,615 INFO o.s.d.r.c.RepositoryConfigurationDelegate [main] Bootstrapping Spring Data JPA repositories in DEFAULT mode.
2025-09-20 15:59:55,107 INFO o.s.d.r.c.RepositoryConfigurationDelegate [main] Finished Spring Data repository scanning in 464 ms. Found 2 JPA repository interfaces.
2025-09-20 15:59:55,755 INFO o.s.c.c.s.GenericScope [main] BeanFactory id=a8a0d036-9d50-3b46-8703-5cd352c509c5
2025-09-20 15:59:57,033 INFO o.s.b.w.e.t.TomcatWebServer [main] Tomcat initialized with port 8081 (http)
2025-09-20 15:59:57,050 INFO o.a.j.l.DirectJDKLog [main] Initializing ProtocolHandler ["http-nio-8081"]
2025-09-20 15:59:57,067 INFO o.a.j.l.DirectJDKLog [main] Starting service [Tomcat]
2025-09-20 15:59:57,067 INFO o.a.j.l.DirectJDKLog [main] Starting Servlet engine: [Apache Tomcat/10.1.31]
2025-09-20 15:59:57,240 INFO o.a.j.l.DirectJDKLog [main] Initializing Spring embedded WebApplicationContext
2025-09-20 15:59:57,240 INFO o.s.b.w.s.c.ServletWebServerApplicationContext [main] Root WebApplicationContext: initialization completed in 5735 ms
2025-09-20 15:59:57,365 INFO c.z.h.HikariDataSource [main] HikariPool-1 - Starting...
2025-09-20 15:59:58,086 INFO c.z.h.p.HikariPool [main] HikariPool-1 - Added connection conn0: url=jdbc:h2:mem:testdb user=SA
2025-09-20 15:59:58,093 INFO c.z.h.HikariDataSource [main] HikariPool-1 - Start completed.
2025-09-20 15:59:58,140 INFO o.s.b.a.h.H2ConsoleAutoConfiguration [main] H2 console available at '/h2-console'. Database available at 'jdbc:h2:mem:testdb'
2025-09-20 15:59:58,531 INFO o.h.j.i.u.LogHelper [main] HHH000204: Processing PersistenceUnitInfo [name: default]
2025-09-20 15:59:58,741 INFO o.h.Version [main] HHH000412: Hibernate ORM core version 6.5.3.Final
2025-09-20 15:59:58,866 INFO o.h.c.i.RegionFactoryInitiator [main] HHH000026: Second-level cache disabled
2025-09-20 15:59:59,708 INFO o.s.o.j.p.SpringPersistenceUnitInfo [main] No LoadTimeWeaver setup: ignoring JPA class transformer
2025-09-20 15:59:59,833 WARN o.h.e.j.d.i.DialectFactoryImpl [main] HHH90000025: H2Dialect does not need to be specified explicitly using 'hibernate.dialect' (remove the property setting and it will be selected by default)
2025-09-20 16:00:01,784 INFO o.h.e.t.j.p.i.JtaPlatformInitiator [main] HHH000489: No JTA platform available (set 'hibernate.transaction.jta.platform' to enable JTA platform integration)
2025-09-20 16:00:01,904 INFO o.s.o.j.AbstractEntityManagerFactoryBean [main] Initialized JPA EntityManagerFactory for persistence unit 'default'
2025-09-20 16:00:02,363 WARN o.s.b.a.o.j.JpaBaseConfiguration$JpaWebConfiguration [main] spring.jpa.open-in-view is enabled by default. Therefore, database queries may be performed during view rendering. Explicitly configure spring.jpa.open-in-view to disable this warning
2025-09-20 16:00:03,226 INFO o.s.d.j.r.q.QueryEnhancerFactory [main] Hibernate is in classpath; If applicable, HQL parser will be used.
2025-09-20 16:00:06,033 INFO o.s.g.e.DefaultSchemaResourceGraphQlSourceBuilder [main] Loaded 1 resource(s) in the GraphQL schema.
2025-09-20 16:00:06,535 INFO o.s.g.e.DefaultSchemaResourceGraphQlSourceBuilder [main] GraphQL schema inspection:
	Unmapped fields: {Query=[_empty]}
	Unmapped registrations: {}
	Unmapped arguments: {}
	Skipped types: []
2025-09-20 16:00:06,586 INFO o.s.b.a.g.s.GraphQlWebMvcAutoConfiguration [main] GraphQL endpoint HTTP POST /graphql
2025-09-20 16:00:07,194 INFO o.a.j.l.DirectJDKLog [main] Starting ProtocolHandler ["http-nio-8081"]
2025-09-20 16:00:07,355 INFO o.s.b.w.e.t.TomcatWebServer [main] Tomcat started on port 8081 (http) with context path '/'
2025-09-20 16:00:07,387 INFO o.s.a.r.c.AbstractConnectionFactory [main] Attempting to connect to: [localhost:5672]
2025-09-20 16:00:07,431 INFO o.s.a.r.l.AbstractMessageListenerContainer [main] Broker not available; cannot force queue declarations during start: java.net.ConnectException: Connection refused: no further information
2025-09-20 16:00:07,462 INFO o.s.a.r.c.AbstractConnectionFactory [rabbit-simple-0] Attempting to connect to: [localhost:5672]
2025-09-20 16:00:07,462 ERROR o.s.a.r.l.AbstractMessageListenerContainer [rabbit-simple-0] Failed to check/redeclare auto-delete queue(s).
org.springframework.amqp.AmqpConnectException: java.net.ConnectException: Connection refused: no further information
	at org.springframework.amqp.rabbit.support.RabbitExceptionTranslator.convertRabbitAccessException(RabbitExceptionTranslator.java:61)
	at org.springframework.amqp.rabbit.connection.AbstractConnectionFactory.createBareConnection(AbstractConnectionFactory.java:622)
	at org.springframework.amqp.rabbit.connection.CachingConnectionFactory.createConnection(CachingConnectionFactory.java:726)
	at org.springframework.amqp.rabbit.connection.ConnectionFactoryUtils.createConnection(ConnectionFactoryUtils.java:257)
	at org.springframework.amqp.rabbit.core.RabbitTemplate.doExecute(RabbitTemplate.java:2249)
	at org.springframework.amqp.rabbit.core.RabbitTemplate.execute(RabbitTemplate.java:2222)
	at org.springframework.amqp.rabbit.core.RabbitTemplate.execute(RabbitTemplate.java:2202)
	at org.springframework.amqp.rabbit.core.RabbitAdmin.getQueueInfo(RabbitAdmin.java:467)
	at org.springframework.amqp.rabbit.core.RabbitAdmin.getQueueProperties(RabbitAdmin.java:451)
	at org.springframework.amqp.rabbit.listener.AbstractMessageListenerContainer.attemptDeclarations(AbstractMessageListenerContainer.java:1960)
	at org.springframework.amqp.rabbit.listener.AbstractMessageListenerContainer.redeclareElementsIfNecessary(AbstractMessageListenerContainer.java:1924)
	at org.springframework.amqp.rabbit.listener.SimpleMessageListenerContainer$AsyncMessageProcessingConsumer.initialize(SimpleMessageListenerContainer.java:1479)
	at org.springframework.amqp.rabbit.listener.SimpleMessageListenerContainer$AsyncMessageProcessingConsumer.run(SimpleMessageListenerContainer.java:1320)
	at java.base/java.lang.VirtualThread.run(VirtualThread.java:311)
Caused by: java.net.ConnectException: Connection refused: no further information
	at java.base/sun.nio.ch.Net.pollConnect(Native Method)
	at java.base/sun.nio.ch.Net.pollConnectNow(Net.java:682)
	at java.base/sun.nio.ch.NioSocketImpl.timedFinishConnect(NioSocketImpl.java:542)
	at java.base/sun.nio.ch.NioSocketImpl.connect(NioSocketImpl.java:592)
	at java.base/java.net.SocksSocketImpl.connect(SocksSocketImpl.java:327)
	at java.base/java.net.Socket.connect(Socket.java:751)
	at com.rabbitmq.client.impl.SocketFrameHandlerFactory.create(SocketFrameHandlerFactory.java:61)
	at com.rabbitmq.client.ConnectionFactory.newConnection(ConnectionFactory.java:1249)
	at com.rabbitmq.client.ConnectionFactory.newConnection(ConnectionFactory.java:1198)
	at org.springframework.amqp.rabbit.connection.AbstractConnectionFactory.connectAddresses(AbstractConnectionFactory.java:668)
	at org.springframework.amqp.rabbit.connection.AbstractConnectionFactory.connect(AbstractConnectionFactory.java:637)
	at org.springframework.amqp.rabbit.connection.AbstractConnectionFactory.createBareConnection(AbstractConnectionFactory.java:584)
	... 12 common frames omitted
2025-09-20 16:00:07,478 INFO o.s.a.r.c.AbstractConnectionFactory [rabbit-simple-0] Attempting to connect to: [localhost:5672]
2025-09-20 16:00:07,550 INFO o.s.b.StartupInfoLogger [main] Started Bootstrap in 18.848 seconds (process running for 21.372)
2025-09-20 16:00:12,618 WARN o.s.a.r.l.SimpleMessageListenerContainer$AsyncMessageProcessingConsumer [rabbit-simple-0] Consumer raised exception, processing can restart if the connection factory supports it. Exception summary: org.springframework.amqp.AmqpConnectException: java.net.ConnectException: Connection refused: no further information
2025-09-20 16:00:12,620 INFO o.s.a.r.l.SimpleMessageListenerContainer$AsyncMessageProcessingConsumer [rabbit-simple-0] Restarting Consumer@28ea7f58: tags=[[]], channel=null, acknowledgeMode=AUTO local queue size=0
2025-09-20 16:00:12,620 INFO o.s.a.r.c.AbstractConnectionFactory [rabbit-simple-1] Attempting to connect to: [localhost:5672]
2025-09-20 16:00:12,652 ERROR o.s.a.r.l.AbstractMessageListenerContainer [rabbit-simple-1] Failed to check/redeclare auto-delete queue(s).
2025-09-20 16:00:12,652 INFO o.s.a.r.c.AbstractConnectionFactory [rabbit-simple-1] Attempting to connect to: [localhost:5672]
2025-09-20 16:00:17,829 WARN o.s.a.r.l.SimpleMessageListenerContainer$AsyncMessageProcessingConsumer [rabbit-simple-1] Consumer raised exception, processing can restart if the connection factory supports it. Exception summary: org.springframework.amqp.AmqpConnectException: java.net.ConnectException: Connection refused: no further information
2025-09-20 16:00:17,829 INFO o.s.a.r.l.SimpleMessageListenerContainer$AsyncMessageProcessingConsumer [rabbit-simple-1] Restarting Consumer@4fbda5cf: tags=[[]], channel=null, acknowledgeMode=AUTO local queue size=0
2025-09-20 16:00:17,829 INFO o.s.a.r.c.AbstractConnectionFactory [rabbit-simple-2] Attempting to connect to: [localhost:5672]
2025-09-20 16:00:17,829 ERROR o.s.a.r.l.AbstractMessageListenerContainer [rabbit-simple-2] Failed to check/redeclare auto-delete queue(s).
2025-09-20 16:00:17,829 INFO o.s.a.r.c.AbstractConnectionFactory [rabbit-simple-2] Attempting to connect to: [localhost:5672]
2025-09-20 16:00:23,012 WARN o.s.a.r.l.SimpleMessageListenerContainer$AsyncMessageProcessingConsumer [rabbit-simple-2] Consumer raised exception, processing can restart if the connection factory supports it. Exception summary: org.springframework.amqp.AmqpConnectException: java.net.ConnectException: Connection refused: no further information
2025-09-20 16:00:23,012 INFO o.s.a.r.l.SimpleMessageListenerContainer$AsyncMessageProcessingConsumer [rabbit-simple-2] Restarting Consumer@1b365244: tags=[[]], channel=null, acknowledgeMode=AUTO local queue size=0
2025-09-20 16:00:23,015 INFO o.s.a.r.c.AbstractConnectionFactory [rabbit-simple-3] Attempting to connect to: [localhost:5672]
2025-09-20 16:00:23,017 ERROR o.s.a.r.l.AbstractMessageListenerContainer [rabbit-simple-3] Failed to check/redeclare auto-delete queue(s).
2025-09-20 16:00:23,018 INFO o.s.a.r.c.AbstractConnectionFactory [rabbit-simple-3] Attempting to connect to: [localhost:5672]
2025-09-20 16:00:23,424 INFO o.a.j.l.DirectJDKLog [tomcat-handler-0] Initializing Spring DispatcherServlet 'dispatcherServlet'
2025-09-20 16:00:23,424 INFO o.s.w.s.FrameworkServlet [tomcat-handler-0] Initializing Servlet 'dispatcherServlet'
2025-09-20 16:00:23,426 INFO o.s.w.s.FrameworkServlet [tomcat-handler-0] Completed initialization in 2 ms
2025-09-20 16:00:23,615 INFO c.e.a.i.UserResourceAdapterIn [tomcat-handler-0] Creating user: User{id=null, document='45616771007', name='Kenneth de Oliveira Soares', email='kennetholiveira2015@gmail.com', address=Address{id=null, street='null', city='null', state='null', postalCode='58051020'}}
2025-09-20 16:00:23,618 INFO c.e.a.o.CreateUserAdapterOut [tomcat-handler-0] Sending request to User Management Service to create user: User{id=null, document='45616771007', name='Kenneth de Oliveira Soares', email='kennetholiveira2015@gmail.com', address=Address{id=null, street='null', city='null', state='null', postalCode='58051020'}}
2025-09-20 16:04:33,760 WARN o.s.a.r.l.SimpleMessageListenerContainer$AsyncMessageProcessingConsumer [rabbit-simple-3] Consumer raised exception, processing can restart if the connection factory supports it. Exception summary: org.springframework.amqp.AmqpConnectException: java.net.ConnectException: Connection refused: no further information
2025-09-20 16:04:33,760 WARN c.z.h.p.HikariPool$HouseKeeper [HikariPool-1 housekeeper] HikariPool-1 - Thread starvation or clock leap detected (housekeeper delta=4m35s561ms484µs800ns).
2025-09-20 16:04:33,764 INFO o.s.a.r.l.SimpleMessageListenerContainer$AsyncMessageProcessingConsumer [rabbit-simple-3] Restarting Consumer@584b8336: tags=[[]], channel=null, acknowledgeMode=AUTO local queue size=0
2025-09-20 16:04:33,769 INFO o.s.a.r.c.AbstractConnectionFactory [rabbit-simple-4] Attempting to connect to: [localhost:5672]
2025-09-20 16:04:33,773 ERROR o.s.a.r.l.AbstractMessageListenerContainer [rabbit-simple-4] Failed to check/redeclare auto-delete queue(s).
2025-09-20 16:04:33,774 INFO o.s.a.r.c.AbstractConnectionFactory [rabbit-simple-4] Attempting to connect to: [localhost:5672]
2025-09-20 16:05:17,635 WARN o.s.a.r.l.SimpleMessageListenerContainer$AsyncMessageProcessingConsumer [rabbit-simple-4] Consumer raised exception, processing can restart if the connection factory supports it. Exception summary: org.springframework.amqp.AmqpConnectException: java.net.ConnectException: Connection refused: no further information
2025-09-20 16:05:17,638 INFO o.s.a.r.l.SimpleMessageListenerContainer$AsyncMessageProcessingConsumer [rabbit-simple-4] Restarting Consumer@7f50cc98: tags=[[]], channel=null, acknowledgeMode=AUTO local queue size=0
2025-09-20 16:05:17,639 INFO c.e.a.o.CreateUserAdapterOut [tomcat-handler-0] Created user in User Management Service: UserResponse(document=45616771007, name=Kenneth de Oliveira Soares, email=kennetholiveira2015@gmail.com, userAddressResponse=UserAddressResponse(street=Rua Hermelinda Henriques de Araújo, city=João Pessoa, state=PB, postalCode=58051-020))
2025-09-20 16:05:17,640 INFO o.s.a.r.c.AbstractConnectionFactory [rabbit-simple-5] Attempting to connect to: [localhost:5672]
2025-09-20 16:05:23,575 ERROR o.s.a.r.l.AbstractMessageListenerContainer [rabbit-simple-5] Failed to check/redeclare auto-delete queue(s).
2025-09-20 16:05:23,575 INFO o.s.a.r.c.AbstractConnectionFactory [rabbit-simple-5] Attempting to connect to: [localhost:5672]
2025-09-20 16:05:23,595 INFO c.e.a.i.UserResourceAdapterIn [tomcat-handler-0] Created user: User{id=null, document='45616771007', name='Kenneth de Oliveira Soares', email='kennetholiveira2015@gmail.com', address=Address{id=null, street='null', city='null', state='null', postalCode='58051020'}}
2025-09-20 16:05:28,730 WARN o.s.a.r.l.SimpleMessageListenerContainer$AsyncMessageProcessingConsumer [rabbit-simple-5] Consumer raised exception, processing can restart if the connection factory supports it. Exception summary: org.springframework.amqp.AmqpConnectException: java.net.ConnectException: Connection refused: no further information
2025-09-20 16:05:28,731 INFO o.s.a.r.l.SimpleMessageListenerContainer$AsyncMessageProcessingConsumer [rabbit-simple-5] Restarting Consumer@55c194e2: tags=[[]], channel=null, acknowledgeMode=AUTO local queue size=0
2025-09-20 16:05:28,732 INFO o.s.a.r.c.AbstractConnectionFactory [rabbit-simple-6] Attempting to connect to: [localhost:5672]
2025-09-20 16:05:28,746 ERROR o.s.a.r.l.AbstractMessageListenerContainer [rabbit-simple-6] Failed to check/redeclare auto-delete queue(s).
2025-09-20 16:05:28,747 INFO o.s.a.r.c.AbstractConnectionFactory [rabbit-simple-6] Attempting to connect to: [localhost:5672]
2025-09-20 16:05:33,875 WARN o.s.a.r.l.SimpleMessageListenerContainer$AsyncMessageProcessingConsumer [rabbit-simple-6] Consumer raised exception, processing can restart if the connection factory supports it. Exception summary: org.springframework.amqp.AmqpConnectException: java.net.ConnectException: Connection refused: no further information
2025-09-20 16:05:33,875 INFO o.s.a.r.l.SimpleMessageListenerContainer$AsyncMessageProcessingConsumer [rabbit-simple-6] Restarting Consumer@c954a4a: tags=[[]], channel=null, acknowledgeMode=AUTO local queue size=0
2025-09-20 16:05:33,876 INFO o.s.a.r.c.AbstractConnectionFactory [rabbit-simple-7] Attempting to connect to: [localhost:5672]
2025-09-20 16:05:33,892 ERROR o.s.a.r.l.AbstractMessageListenerContainer [rabbit-simple-7] Failed to check/redeclare auto-delete queue(s).
2025-09-20 16:05:33,892 INFO o.s.a.r.c.AbstractConnectionFactory [rabbit-simple-7] Attempting to connect to: [localhost:5672]
2025-09-20 16:05:39,094 WARN o.s.a.r.l.SimpleMessageListenerContainer$AsyncMessageProcessingConsumer [rabbit-simple-7] Consumer raised exception, processing can restart if the connection factory supports it. Exception summary: org.springframework.amqp.AmqpConnectException: java.net.ConnectException: Connection refused: no further information
2025-09-20 16:05:39,094 INFO o.s.a.r.l.SimpleMessageListenerContainer$AsyncMessageProcessingConsumer [rabbit-simple-7] Restarting Consumer@d3da528: tags=[[]], channel=null, acknowledgeMode=AUTO local queue size=0
2025-09-20 16:05:39,096 INFO o.s.a.r.c.AbstractConnectionFactory [rabbit-simple-8] Attempting to connect to: [localhost:5672]
2025-09-20 16:05:39,098 ERROR o.s.a.r.l.AbstractMessageListenerContainer [rabbit-simple-8] Failed to check/redeclare auto-delete queue(s).
2025-09-20 16:05:39,098 INFO o.s.a.r.c.AbstractConnectionFactory [rabbit-simple-8] Attempting to connect to: [localhost:5672]
2025-09-20 16:05:44,242 WARN o.s.a.r.l.SimpleMessageListenerContainer$AsyncMessageProcessingConsumer [rabbit-simple-8] Consumer raised exception, processing can restart if the connection factory supports it. Exception summary: org.springframework.amqp.AmqpConnectException: java.net.ConnectException: Connection refused: no further information
2025-09-20 16:05:44,242 INFO o.s.a.r.l.SimpleMessageListenerContainer$AsyncMessageProcessingConsumer [rabbit-simple-8] Restarting Consumer@54e2a373: tags=[[]], channel=null, acknowledgeMode=AUTO local queue size=0
2025-09-20 16:05:44,243 INFO o.s.a.r.c.AbstractConnectionFactory [rabbit-simple-9] Attempting to connect to: [localhost:5672]
2025-09-20 16:05:44,273 ERROR o.s.a.r.l.AbstractMessageListenerContainer [rabbit-simple-9] Failed to check/redeclare auto-delete queue(s).
2025-09-20 16:05:44,273 INFO o.s.a.r.c.AbstractConnectionFactory [rabbit-simple-9] Attempting to connect to: [localhost:5672]
2025-09-20 16:05:49,419 WARN o.s.a.r.l.SimpleMessageListenerContainer$AsyncMessageProcessingConsumer [rabbit-simple-9] Consumer raised exception, processing can restart if the connection factory supports it. Exception summary: org.springframework.amqp.AmqpConnectException: java.net.ConnectException: Connection refused: no further information
2025-09-20 16:05:49,419 INFO o.s.a.r.l.SimpleMessageListenerContainer$AsyncMessageProcessingConsumer [rabbit-simple-9] Restarting Consumer@60b249cf: tags=[[]], channel=null, acknowledgeMode=AUTO local queue size=0
2025-09-20 16:05:49,420 INFO o.s.a.r.c.AbstractConnectionFactory [rabbit-simple-10] Attempting to connect to: [localhost:5672]
2025-09-20 16:05:49,423 ERROR o.s.a.r.l.AbstractMessageListenerContainer [rabbit-simple-10] Failed to check/redeclare auto-delete queue(s).
2025-09-20 16:05:49,423 INFO o.s.a.r.c.AbstractConnectionFactory [rabbit-simple-10] Attempting to connect to: [localhost:5672]
2025-09-20 16:05:54,607 WARN o.s.a.r.l.SimpleMessageListenerContainer$AsyncMessageProcessingConsumer [rabbit-simple-10] Consumer raised exception, processing can restart if the connection factory supports it. Exception summary: org.springframework.amqp.AmqpConnectException: java.net.ConnectException: Connection refused: no further information
2025-09-20 16:05:54,607 INFO o.s.a.r.l.SimpleMessageListenerContainer$AsyncMessageProcessingConsumer [rabbit-simple-10] Restarting Consumer@402d53bd: tags=[[]], channel=null, acknowledgeMode=AUTO local queue size=0
2025-09-20 16:05:54,608 INFO o.s.a.r.c.AbstractConnectionFactory [rabbit-simple-11] Attempting to connect to: [localhost:5672]
2025-09-20 16:05:54,622 ERROR o.s.a.r.l.AbstractMessageListenerContainer [rabbit-simple-11] Failed to check/redeclare auto-delete queue(s).
2025-09-20 16:05:54,622 INFO o.s.a.r.c.AbstractConnectionFactory [rabbit-simple-11] Attempting to connect to: [localhost:5672]
2025-09-20 16:05:59,810 WARN o.s.a.r.l.SimpleMessageListenerContainer$AsyncMessageProcessingConsumer [rabbit-simple-11] Consumer raised exception, processing can restart if the connection factory supports it. Exception summary: org.springframework.amqp.AmqpConnectException: java.net.ConnectException: Connection refused: no further information
2025-09-20 16:05:59,810 INFO o.s.a.r.l.SimpleMessageListenerContainer$AsyncMessageProcessingConsumer [rabbit-simple-11] Restarting Consumer@37113bd9: tags=[[]], channel=null, acknowledgeMode=AUTO local queue size=0
2025-09-20 16:05:59,812 INFO o.s.a.r.c.AbstractConnectionFactory [rabbit-simple-12] Attempting to connect to: [localhost:5672]
2025-09-20 16:05:59,815 ERROR o.s.a.r.l.AbstractMessageListenerContainer [rabbit-simple-12] Failed to check/redeclare auto-delete queue(s).
2025-09-20 16:05:59,815 INFO o.s.a.r.c.AbstractConnectionFactory [rabbit-simple-12] Attempting to connect to: [localhost:5672]
2025-09-20 16:06:04,963 WARN o.s.a.r.l.SimpleMessageListenerContainer$AsyncMessageProcessingConsumer [rabbit-simple-12] Consumer raised exception, processing can restart if the connection factory supports it. Exception summary: org.springframework.amqp.AmqpConnectException: java.net.ConnectException: Connection refused: no further information
2025-09-20 16:06:04,963 INFO o.s.a.r.l.SimpleMessageListenerContainer$AsyncMessageProcessingConsumer [rabbit-simple-12] Restarting Consumer@26c09b5: tags=[[]], channel=null, acknowledgeMode=AUTO local queue size=0
2025-09-20 16:06:04,964 INFO o.s.a.r.c.AbstractConnectionFactory [rabbit-simple-13] Attempting to connect to: [localhost:5672]
2025-09-20 16:06:04,994 ERROR o.s.a.r.l.AbstractMessageListenerContainer [rabbit-simple-13] Failed to check/redeclare auto-delete queue(s).
2025-09-20 16:06:04,995 INFO o.s.a.r.c.AbstractConnectionFactory [rabbit-simple-13] Attempting to connect to: [localhost:5672]
2025-09-20 16:06:10,177 WARN o.s.a.r.l.SimpleMessageListenerContainer$AsyncMessageProcessingConsumer [rabbit-simple-13] Consumer raised exception, processing can restart if the connection factory supports it. Exception summary: org.springframework.amqp.AmqpConnectException: java.net.ConnectException: Connection refused: no further information
2025-09-20 16:06:10,178 INFO o.s.a.r.l.SimpleMessageListenerContainer$AsyncMessageProcessingConsumer [rabbit-simple-13] Restarting Consumer@2918c423: tags=[[]], channel=null, acknowledgeMode=AUTO local queue size=0
2025-09-20 16:06:10,179 INFO o.s.a.r.c.AbstractConnectionFactory [rabbit-simple-14] Attempting to connect to: [localhost:5672]
2025-09-20 16:06:10,193 ERROR o.s.a.r.l.AbstractMessageListenerContainer [rabbit-simple-14] Failed to check/redeclare auto-delete queue(s).
2025-09-20 16:06:10,194 INFO o.s.a.r.c.AbstractConnectionFactory [rabbit-simple-14] Attempting to connect to: [localhost:5672]
2025-09-20 16:06:15,379 WARN o.s.a.r.l.SimpleMessageListenerContainer$AsyncMessageProcessingConsumer [rabbit-simple-14] Consumer raised exception, processing can restart if the connection factory supports it. Exception summary: org.springframework.amqp.AmqpConnectException: java.net.ConnectException: Connection refused: no further information
2025-09-20 16:06:15,380 INFO o.s.a.r.l.SimpleMessageListenerContainer$AsyncMessageProcessingConsumer [rabbit-simple-14] Restarting Consumer@1574c574: tags=[[]], channel=null, acknowledgeMode=AUTO local queue size=0
2025-09-20 16:06:15,382 INFO o.s.a.r.c.AbstractConnectionFactory [rabbit-simple-15] Attempting to connect to: [localhost:5672]
2025-09-20 16:06:15,384 ERROR o.s.a.r.l.AbstractMessageListenerContainer [rabbit-simple-15] Failed to check/redeclare auto-delete queue(s).
2025-09-20 16:06:15,385 INFO o.s.a.r.c.AbstractConnectionFactory [rabbit-simple-15] Attempting to connect to: [localhost:5672]
2025-09-20 16:06:20,532 WARN o.s.a.r.l.SimpleMessageListenerContainer$AsyncMessageProcessingConsumer [rabbit-simple-15] Consumer raised exception, processing can restart if the connection factory supports it. Exception summary: org.springframework.amqp.AmqpConnectException: java.net.ConnectException: Connection refused: no further information
2025-09-20 16:06:20,533 INFO o.s.a.r.l.SimpleMessageListenerContainer$AsyncMessageProcessingConsumer [rabbit-simple-15] Restarting Consumer@3556d6da: tags=[[]], channel=null, acknowledgeMode=AUTO local queue size=0
2025-09-20 16:06:20,534 INFO o.s.a.r.c.AbstractConnectionFactory [rabbit-simple-16] Attempting to connect to: [localhost:5672]
2025-09-20 16:06:20,536 ERROR o.s.a.r.l.AbstractMessageListenerContainer [rabbit-simple-16] Failed to check/redeclare auto-delete queue(s).
2025-09-20 16:06:20,537 INFO o.s.a.r.c.AbstractConnectionFactory [rabbit-simple-16] Attempting to connect to: [localhost:5672]
2025-09-20 16:06:25,724 WARN o.s.a.r.l.SimpleMessageListenerContainer$AsyncMessageProcessingConsumer [rabbit-simple-16] Consumer raised exception, processing can restart if the connection factory supports it. Exception summary: org.springframework.amqp.AmqpConnectException: java.net.ConnectException: Connection refused: no further information
2025-09-20 16:06:25,725 INFO o.s.a.r.l.SimpleMessageListenerContainer$AsyncMessageProcessingConsumer [rabbit-simple-16] Restarting Consumer@59466b8d: tags=[[]], channel=null, acknowledgeMode=AUTO local queue size=0
2025-09-20 16:06:25,728 INFO o.s.a.r.c.AbstractConnectionFactory [rabbit-simple-17] Attempting to connect to: [localhost:5672]
2025-09-20 16:06:25,785 ERROR o.s.a.r.l.AbstractMessageListenerContainer [rabbit-simple-17] Failed to check/redeclare auto-delete queue(s).
2025-09-20 16:06:25,786 INFO o.s.a.r.c.AbstractConnectionFactory [rabbit-simple-17] Attempting to connect to: [localhost:5672]
2025-09-20 16:06:30,917 WARN o.s.a.r.l.SimpleMessageListenerContainer$AsyncMessageProcessingConsumer [rabbit-simple-17] Consumer raised exception, processing can restart if the connection factory supports it. Exception summary: org.springframework.amqp.AmqpConnectException: java.net.ConnectException: Connection refused: no further information
2025-09-20 16:06:30,917 INFO o.s.a.r.l.SimpleMessageListenerContainer$AsyncMessageProcessingConsumer [rabbit-simple-17] Restarting Consumer@73ab69b0: tags=[[]], channel=null, acknowledgeMode=AUTO local queue size=0
2025-09-20 16:06:30,918 INFO o.s.a.r.c.AbstractConnectionFactory [rabbit-simple-18] Attempting to connect to: [localhost:5672]
2025-09-20 16:06:30,932 ERROR o.s.a.r.l.AbstractMessageListenerContainer [rabbit-simple-18] Failed to check/redeclare auto-delete queue(s).
2025-09-20 16:06:30,932 INFO o.s.a.r.c.AbstractConnectionFactory [rabbit-simple-18] Attempting to connect to: [localhost:5672]
2025-09-20 16:06:36,111 WARN o.s.a.r.l.SimpleMessageListenerContainer$AsyncMessageProcessingConsumer [rabbit-simple-18] Consumer raised exception, processing can restart if the connection factory supports it. Exception summary: org.springframework.amqp.AmqpConnectException: java.net.ConnectException: Connection refused: no further information
2025-09-20 16:06:36,112 INFO o.s.a.r.l.SimpleMessageListenerContainer$AsyncMessageProcessingConsumer [rabbit-simple-18] Restarting Consumer@74d8d6aa: tags=[[]], channel=null, acknowledgeMode=AUTO local queue size=0
2025-09-20 16:06:36,113 INFO o.s.a.r.c.AbstractConnectionFactory [rabbit-simple-19] Attempting to connect to: [localhost:5672]
2025-09-20 16:06:36,115 ERROR o.s.a.r.l.AbstractMessageListenerContainer [rabbit-simple-19] Failed to check/redeclare auto-delete queue(s).
2025-09-20 16:06:36,116 INFO o.s.a.r.c.AbstractConnectionFactory [rabbit-simple-19] Attempting to connect to: [localhost:5672]
2025-09-20 16:06:41,275 WARN o.s.a.r.l.SimpleMessageListenerContainer$AsyncMessageProcessingConsumer [rabbit-simple-19] Consumer raised exception, processing can restart if the connection factory supports it. Exception summary: org.springframework.amqp.AmqpConnectException: java.net.ConnectException: Connection refused: no further information
2025-09-20 16:06:41,275 INFO o.s.a.r.l.SimpleMessageListenerContainer$AsyncMessageProcessingConsumer [rabbit-simple-19] Restarting Consumer@b321fca: tags=[[]], channel=null, acknowledgeMode=AUTO local queue size=0
2025-09-20 16:06:41,277 INFO o.s.a.r.c.AbstractConnectionFactory [rabbit-simple-20] Attempting to connect to: [localhost:5672]
2025-09-20 16:06:41,292 ERROR o.s.a.r.l.AbstractMessageListenerContainer [rabbit-simple-20] Failed to check/redeclare auto-delete queue(s).
2025-09-20 16:06:41,292 INFO o.s.a.r.c.AbstractConnectionFactory [rabbit-simple-20] Attempting to connect to: [localhost:5672]
2025-09-20 16:06:46,415 WARN o.s.a.r.l.SimpleMessageListenerContainer$AsyncMessageProcessingConsumer [rabbit-simple-20] Consumer raised exception, processing can restart if the connection factory supports it. Exception summary: org.springframework.amqp.AmqpConnectException: java.net.ConnectException: Connection refused: no further information
2025-09-20 16:06:46,415 INFO o.s.a.r.l.SimpleMessageListenerContainer$AsyncMessageProcessingConsumer [rabbit-simple-20] Restarting Consumer@1fa0d0bb: tags=[[]], channel=null, acknowledgeMode=AUTO local queue size=0
2025-09-20 16:06:46,417 INFO o.s.a.r.c.AbstractConnectionFactory [rabbit-simple-21] Attempting to connect to: [localhost:5672]
2025-09-20 16:06:46,419 ERROR o.s.a.r.l.AbstractMessageListenerContainer [rabbit-simple-21] Failed to check/redeclare auto-delete queue(s).
2025-09-20 16:06:46,419 INFO o.s.a.r.c.AbstractConnectionFactory [rabbit-simple-21] Attempting to connect to: [localhost:5672]
2025-09-20 16:06:51,557 WARN o.s.a.r.l.SimpleMessageListenerContainer$AsyncMessageProcessingConsumer [rabbit-simple-21] Consumer raised exception, processing can restart if the connection factory supports it. Exception summary: org.springframework.amqp.AmqpConnectException: java.net.ConnectException: Connection refused: no further information
2025-09-20 16:06:51,557 INFO o.s.a.r.l.SimpleMessageListenerContainer$AsyncMessageProcessingConsumer [rabbit-simple-21] Restarting Consumer@17a95e07: tags=[[]], channel=null, acknowledgeMode=AUTO local queue size=0
2025-09-20 16:06:51,559 INFO o.s.a.r.c.AbstractConnectionFactory [rabbit-simple-22] Attempting to connect to: [localhost:5672]
2025-09-20 16:06:51,561 ERROR o.s.a.r.l.AbstractMessageListenerContainer [rabbit-simple-22] Failed to check/redeclare auto-delete queue(s).
2025-09-20 16:06:51,561 INFO o.s.a.r.c.AbstractConnectionFactory [rabbit-simple-22] Attempting to connect to: [localhost:5672]
2025-09-20 16:06:56,688 WARN o.s.a.r.l.SimpleMessageListenerContainer$AsyncMessageProcessingConsumer [rabbit-simple-22] Consumer raised exception, processing can restart if the connection factory supports it. Exception summary: org.springframework.amqp.AmqpConnectException: java.net.ConnectException: Connection refused: no further information
2025-09-20 16:06:56,689 INFO o.s.a.r.l.SimpleMessageListenerContainer$AsyncMessageProcessingConsumer [rabbit-simple-22] Restarting Consumer@683fef47: tags=[[]], channel=null, acknowledgeMode=AUTO local queue size=0
2025-09-20 16:06:56,690 INFO o.s.a.r.c.AbstractConnectionFactory [rabbit-simple-23] Attempting to connect to: [localhost:5672]
2025-09-20 16:06:56,704 ERROR o.s.a.r.l.AbstractMessageListenerContainer [rabbit-simple-23] Failed to check/redeclare auto-delete queue(s).
2025-09-20 16:06:56,705 INFO o.s.a.r.c.AbstractConnectionFactory [rabbit-simple-23] Attempting to connect to: [localhost:5672]
2025-09-20 16:07:01,809 WARN o.s.a.r.l.SimpleMessageListenerContainer$AsyncMessageProcessingConsumer [rabbit-simple-23] Consumer raised exception, processing can restart if the connection factory supports it. Exception summary: org.springframework.amqp.AmqpConnectException: java.net.ConnectException: Connection refused: no further information
2025-09-20 16:07:01,809 INFO o.s.a.r.l.SimpleMessageListenerContainer$AsyncMessageProcessingConsumer [rabbit-simple-23] Restarting Consumer@3b401d2f: tags=[[]], channel=null, acknowledgeMode=AUTO local queue size=0
2025-09-20 16:07:01,810 INFO o.s.a.r.c.AbstractConnectionFactory [rabbit-simple-24] Attempting to connect to: [localhost:5672]
2025-09-20 16:07:01,812 ERROR o.s.a.r.l.AbstractMessageListenerContainer [rabbit-simple-24] Failed to check/redeclare auto-delete queue(s).
2025-09-20 16:07:01,813 INFO o.s.a.r.c.AbstractConnectionFactory [rabbit-simple-24] Attempting to connect to: [localhost:5672]
2025-09-20 16:07:06,868 WARN o.s.a.r.l.SimpleMessageListenerContainer$AsyncMessageProcessingConsumer [rabbit-simple-24] Consumer raised exception, processing can restart if the connection factory supports it. Exception summary: org.springframework.amqp.AmqpConnectException: java.net.ConnectException: Connection refused: no further information
2025-09-20 16:07:06,868 INFO o.s.a.r.l.SimpleMessageListenerContainer$AsyncMessageProcessingConsumer [rabbit-simple-24] Restarting Consumer@85e4850: tags=[[]], channel=null, acknowledgeMode=AUTO local queue size=0
2025-09-20 16:07:06,870 INFO o.s.a.r.c.AbstractConnectionFactory [rabbit-simple-25] Attempting to connect to: [localhost:5672]
2025-09-20 16:07:06,884 ERROR o.s.a.r.l.AbstractMessageListenerContainer [rabbit-simple-25] Failed to check/redeclare auto-delete queue(s).
2025-09-20 16:07:06,884 INFO o.s.a.r.c.AbstractConnectionFactory [rabbit-simple-25] Attempting to connect to: [localhost:5672]
2025-09-20 16:07:12,081 WARN o.s.a.r.l.SimpleMessageListenerContainer$AsyncMessageProcessingConsumer [rabbit-simple-25] Consumer raised exception, processing can restart if the connection factory supports it. Exception summary: org.springframework.amqp.AmqpConnectException: java.net.ConnectException: Connection refused: no further information
2025-09-20 16:07:12,081 INFO o.s.a.r.l.SimpleMessageListenerContainer$AsyncMessageProcessingConsumer [rabbit-simple-25] Restarting Consumer@63a63e90: tags=[[]], channel=null, acknowledgeMode=AUTO local queue size=0
2025-09-20 16:07:12,083 INFO o.s.a.r.c.AbstractConnectionFactory [rabbit-simple-26] Attempting to connect to: [localhost:5672]
2025-09-20 16:07:12,085 ERROR o.s.a.r.l.AbstractMessageListenerContainer [rabbit-simple-26] Failed to check/redeclare auto-delete queue(s).
2025-09-20 16:07:12,085 INFO o.s.a.r.c.AbstractConnectionFactory [rabbit-simple-26] Attempting to connect to: [localhost:5672]
2025-09-20 16:07:17,227 WARN o.s.a.r.l.SimpleMessageListenerContainer$AsyncMessageProcessingConsumer [rabbit-simple-26] Consumer raised exception, processing can restart if the connection factory supports it. Exception summary: org.springframework.amqp.AmqpConnectException: java.net.ConnectException: Connection refused: no further information
2025-09-20 16:07:17,227 INFO o.s.a.r.l.SimpleMessageListenerContainer$AsyncMessageProcessingConsumer [rabbit-simple-26] Restarting Consumer@1784dbb0: tags=[[]], channel=null, acknowledgeMode=AUTO local queue size=0
2025-09-20 16:07:17,229 INFO o.s.a.r.c.AbstractConnectionFactory [rabbit-simple-27] Attempting to connect to: [localhost:5672]
2025-09-20 16:07:17,231 ERROR o.s.a.r.l.AbstractMessageListenerContainer [rabbit-simple-27] Failed to check/redeclare auto-delete queue(s).
2025-09-20 16:07:17,232 INFO o.s.a.r.c.AbstractConnectionFactory [rabbit-simple-27] Attempting to connect to: [localhost:5672]
2025-09-20 16:07:18,173 INFO o.s.a.r.l.SimpleMessageListenerContainer [rabbit-simple-28] Waiting for workers to finish.
2025-09-20 16:07:18,173 INFO o.s.a.r.l.SimpleMessageListenerContainer [rabbit-simple-28] Successfully waited for workers to finish.
2025-09-20 16:07:18,200 INFO o.s.o.j.AbstractEntityManagerFactoryBean [SpringApplicationShutdownHook] Closing JPA EntityManagerFactory for persistence unit 'default'
2025-09-20 16:07:18,209 INFO c.z.h.HikariDataSource [SpringApplicationShutdownHook] HikariPool-1 - Shutdown initiated...
2025-09-20 16:07:18,221 INFO c.z.h.HikariDataSource [SpringApplicationShutdownHook] HikariPool-1 - Shutdown completed.
2025-09-20 16:07:30,356 INFO o.h.v.i.u.Version [background-preinit] HV000001: Hibernate Validator 8.0.1.Final
2025-09-20 16:07:30,472 INFO o.s.b.StartupInfoLogger [main] Starting Bootstrap using Java 21 with PID 36108 (C:\Users\koliveiras\workspace-study\ms-reservation-inventory\target\classes started by koliveiras in C:\Users\koliveiras\workspace-study\ms-reservation-inventory)
2025-09-20 16:07:30,474 DEBUG o.s.b.StartupInfoLogger [main] Running with Spring Boot v3.3.5, Spring v6.1.14
2025-09-20 16:07:30,477 INFO o.s.b.SpringApplication [main] The following 1 profile is active: "dev"
2025-09-20 16:07:32,555 INFO o.s.d.r.c.RepositoryConfigurationDelegate [main] Bootstrapping Spring Data JPA repositories in DEFAULT mode.
2025-09-20 16:07:32,932 INFO o.s.d.r.c.RepositoryConfigurationDelegate [main] Finished Spring Data repository scanning in 365 ms. Found 2 JPA repository interfaces.
2025-09-20 16:07:33,572 INFO o.s.c.c.s.GenericScope [main] BeanFactory id=a8a0d036-9d50-3b46-8703-5cd352c509c5
2025-09-20 16:07:34,660 INFO o.s.b.w.e.t.TomcatWebServer [main] Tomcat initialized with port 8081 (http)
2025-09-20 16:07:34,681 INFO o.a.j.l.DirectJDKLog [main] Initializing ProtocolHandler ["http-nio-8081"]
2025-09-20 16:07:34,689 INFO o.a.j.l.DirectJDKLog [main] Starting service [Tomcat]
2025-09-20 16:07:34,690 INFO o.a.j.l.DirectJDKLog [main] Starting Servlet engine: [Apache Tomcat/10.1.31]
2025-09-20 16:07:34,856 INFO o.a.j.l.DirectJDKLog [main] Initializing Spring embedded WebApplicationContext
2025-09-20 16:07:34,859 INFO o.s.b.w.s.c.ServletWebServerApplicationContext [main] Root WebApplicationContext: initialization completed in 4224 ms
2025-09-20 16:07:34,937 INFO c.z.h.HikariDataSource [main] HikariPool-1 - Starting...
2025-09-20 16:07:35,370 INFO c.z.h.p.HikariPool [main] HikariPool-1 - Added connection conn0: url=jdbc:h2:mem:testdb user=SA
2025-09-20 16:07:35,376 INFO c.z.h.HikariDataSource [main] HikariPool-1 - Start completed.
2025-09-20 16:07:35,401 INFO o.s.b.a.h.H2ConsoleAutoConfiguration [main] H2 console available at '/h2-console'. Database available at 'jdbc:h2:mem:testdb'
2025-09-20 16:07:35,728 INFO o.h.j.i.u.LogHelper [main] HHH000204: Processing PersistenceUnitInfo [name: default]
2025-09-20 16:07:35,867 INFO o.h.Version [main] HHH000412: Hibernate ORM core version 6.5.3.Final
2025-09-20 16:07:35,960 INFO o.h.c.i.RegionFactoryInitiator [main] HHH000026: Second-level cache disabled
2025-09-20 16:07:36,748 INFO o.s.o.j.p.SpringPersistenceUnitInfo [main] No LoadTimeWeaver setup: ignoring JPA class transformer
2025-09-20 16:07:36,877 WARN o.h.e.j.d.i.DialectFactoryImpl [main] HHH90000025: H2Dialect does not need to be specified explicitly using 'hibernate.dialect' (remove the property setting and it will be selected by default)
2025-09-20 16:07:38,348 INFO o.h.e.t.j.p.i.JtaPlatformInitiator [main] HHH000489: No JTA platform available (set 'hibernate.transaction.jta.platform' to enable JTA platform integration)
2025-09-20 16:07:38,429 INFO o.s.o.j.AbstractEntityManagerFactoryBean [main] Initialized JPA EntityManagerFactory for persistence unit 'default'
2025-09-20 16:07:38,786 WARN o.s.b.a.o.j.JpaBaseConfiguration$JpaWebConfiguration [main] spring.jpa.open-in-view is enabled by default. Therefore, database queries may be performed during view rendering. Explicitly configure spring.jpa.open-in-view to disable this warning
2025-09-20 16:07:39,538 INFO o.s.d.j.r.q.QueryEnhancerFactory [main] Hibernate is in classpath; If applicable, HQL parser will be used.
2025-09-20 16:07:41,824 INFO o.s.g.e.DefaultSchemaResourceGraphQlSourceBuilder [main] Loaded 1 resource(s) in the GraphQL schema.
2025-09-20 16:07:42,189 INFO o.s.g.e.DefaultSchemaResourceGraphQlSourceBuilder [main] GraphQL schema inspection:
	Unmapped fields: {Query=[_empty]}
	Unmapped registrations: {}
	Unmapped arguments: {}
	Skipped types: []
2025-09-20 16:07:42,239 INFO o.s.b.a.g.s.GraphQlWebMvcAutoConfiguration [main] GraphQL endpoint HTTP POST /graphql
2025-09-20 16:07:42,831 INFO o.a.j.l.DirectJDKLog [main] Starting ProtocolHandler ["http-nio-8081"]
2025-09-20 16:07:42,926 INFO o.s.b.w.e.t.TomcatWebServer [main] Tomcat started on port 8081 (http) with context path '/'
2025-09-20 16:07:42,943 INFO o.s.a.r.c.AbstractConnectionFactory [main] Attempting to connect to: [localhost:5672]
2025-09-20 16:07:42,962 INFO o.s.a.r.l.AbstractMessageListenerContainer [main] Broker not available; cannot force queue declarations during start: java.net.ConnectException: Connection refused: no further information
2025-09-20 16:07:42,993 INFO o.s.a.r.c.AbstractConnectionFactory [rabbit-simple-0] Attempting to connect to: [localhost:5672]
2025-09-20 16:07:42,996 ERROR o.s.a.r.l.AbstractMessageListenerContainer [rabbit-simple-0] Failed to check/redeclare auto-delete queue(s).
org.springframework.amqp.AmqpConnectException: java.net.ConnectException: Connection refused: no further information
	at org.springframework.amqp.rabbit.support.RabbitExceptionTranslator.convertRabbitAccessException(RabbitExceptionTranslator.java:61)
	at org.springframework.amqp.rabbit.connection.AbstractConnectionFactory.createBareConnection(AbstractConnectionFactory.java:622)
	at org.springframework.amqp.rabbit.connection.CachingConnectionFactory.createConnection(CachingConnectionFactory.java:726)
	at org.springframework.amqp.rabbit.connection.ConnectionFactoryUtils.createConnection(ConnectionFactoryUtils.java:257)
	at org.springframework.amqp.rabbit.core.RabbitTemplate.doExecute(RabbitTemplate.java:2249)
	at org.springframework.amqp.rabbit.core.RabbitTemplate.execute(RabbitTemplate.java:2222)
	at org.springframework.amqp.rabbit.core.RabbitTemplate.execute(RabbitTemplate.java:2202)
	at org.springframework.amqp.rabbit.core.RabbitAdmin.getQueueInfo(RabbitAdmin.java:467)
	at org.springframework.amqp.rabbit.core.RabbitAdmin.getQueueProperties(RabbitAdmin.java:451)
	at org.springframework.amqp.rabbit.listener.AbstractMessageListenerContainer.attemptDeclarations(AbstractMessageListenerContainer.java:1960)
	at org.springframework.amqp.rabbit.listener.AbstractMessageListenerContainer.redeclareElementsIfNecessary(AbstractMessageListenerContainer.java:1924)
	at org.springframework.amqp.rabbit.listener.SimpleMessageListenerContainer$AsyncMessageProcessingConsumer.initialize(SimpleMessageListenerContainer.java:1479)
	at org.springframework.amqp.rabbit.listener.SimpleMessageListenerContainer$AsyncMessageProcessingConsumer.run(SimpleMessageListenerContainer.java:1320)
	at java.base/java.lang.VirtualThread.run(VirtualThread.java:311)
Caused by: java.net.ConnectException: Connection refused: no further information
	at java.base/sun.nio.ch.Net.pollConnect(Native Method)
	at java.base/sun.nio.ch.Net.pollConnectNow(Net.java:682)
	at java.base/sun.nio.ch.NioSocketImpl.timedFinishConnect(NioSocketImpl.java:542)
	at java.base/sun.nio.ch.NioSocketImpl.connect(NioSocketImpl.java:592)
	at java.base/java.net.SocksSocketImpl.connect(SocksSocketImpl.java:327)
	at java.base/java.net.Socket.connect(Socket.java:751)
	at com.rabbitmq.client.impl.SocketFrameHandlerFactory.create(SocketFrameHandlerFactory.java:61)
	at com.rabbitmq.client.ConnectionFactory.newConnection(ConnectionFactory.java:1249)
	at com.rabbitmq.client.ConnectionFactory.newConnection(ConnectionFactory.java:1198)
	at org.springframework.amqp.rabbit.connection.AbstractConnectionFactory.connectAddresses(AbstractConnectionFactory.java:668)
	at org.springframework.amqp.rabbit.connection.AbstractConnectionFactory.connect(AbstractConnectionFactory.java:637)
	at org.springframework.amqp.rabbit.connection.AbstractConnectionFactory.createBareConnection(AbstractConnectionFactory.java:584)
	... 12 common frames omitted
2025-09-20 16:07:43,003 INFO o.s.a.r.c.AbstractConnectionFactory [rabbit-simple-0] Attempting to connect to: [localhost:5672]
2025-09-20 16:07:43,032 INFO o.s.b.StartupInfoLogger [main] Started Bootstrap in 13.822 seconds (process running for 15.307)
2025-09-20 16:07:48,100 WARN o.s.a.r.l.SimpleMessageListenerContainer$AsyncMessageProcessingConsumer [rabbit-simple-0] Consumer raised exception, processing can restart if the connection factory supports it. Exception summary: org.springframework.amqp.AmqpConnectException: java.net.ConnectException: Connection refused: no further information
2025-09-20 16:07:48,106 INFO o.s.a.r.l.SimpleMessageListenerContainer$AsyncMessageProcessingConsumer [rabbit-simple-0] Restarting Consumer@1bb1c6dd: tags=[[]], channel=null, acknowledgeMode=AUTO local queue size=0
2025-09-20 16:07:48,108 INFO o.s.a.r.c.AbstractConnectionFactory [rabbit-simple-1] Attempting to connect to: [localhost:5672]
2025-09-20 16:07:48,132 ERROR o.s.a.r.l.AbstractMessageListenerContainer [rabbit-simple-1] Failed to check/redeclare auto-delete queue(s).
2025-09-20 16:07:48,133 INFO o.s.a.r.c.AbstractConnectionFactory [rabbit-simple-1] Attempting to connect to: [localhost:5672]
2025-09-20 16:07:53,319 WARN o.s.a.r.l.SimpleMessageListenerContainer$AsyncMessageProcessingConsumer [rabbit-simple-1] Consumer raised exception, processing can restart if the connection factory supports it. Exception summary: org.springframework.amqp.AmqpConnectException: java.net.ConnectException: Connection refused: no further information
2025-09-20 16:07:53,320 INFO o.s.a.r.l.SimpleMessageListenerContainer$AsyncMessageProcessingConsumer [rabbit-simple-1] Restarting Consumer@deb195f: tags=[[]], channel=null, acknowledgeMode=AUTO local queue size=0
2025-09-20 16:07:53,321 INFO o.s.a.r.c.AbstractConnectionFactory [rabbit-simple-2] Attempting to connect to: [localhost:5672]
2025-09-20 16:07:53,349 ERROR o.s.a.r.l.AbstractMessageListenerContainer [rabbit-simple-2] Failed to check/redeclare auto-delete queue(s).
2025-09-20 16:07:53,349 INFO o.s.a.r.c.AbstractConnectionFactory [rabbit-simple-2] Attempting to connect to: [localhost:5672]
2025-09-20 16:07:58,491 WARN o.s.a.r.l.SimpleMessageListenerContainer$AsyncMessageProcessingConsumer [rabbit-simple-2] Consumer raised exception, processing can restart if the connection factory supports it. Exception summary: org.springframework.amqp.AmqpConnectException: java.net.ConnectException: Connection refused: no further information
2025-09-20 16:07:58,492 INFO o.s.a.r.l.SimpleMessageListenerContainer$AsyncMessageProcessingConsumer [rabbit-simple-2] Restarting Consumer@e7240d7: tags=[[]], channel=null, acknowledgeMode=AUTO local queue size=0
2025-09-20 16:07:58,493 INFO o.s.a.r.c.AbstractConnectionFactory [rabbit-simple-3] Attempting to connect to: [localhost:5672]
2025-09-20 16:07:58,506 ERROR o.s.a.r.l.AbstractMessageListenerContainer [rabbit-simple-3] Failed to check/redeclare auto-delete queue(s).
2025-09-20 16:07:58,506 INFO o.s.a.r.c.AbstractConnectionFactory [rabbit-simple-3] Attempting to connect to: [localhost:5672]
2025-09-20 16:08:02,221 INFO o.a.j.l.DirectJDKLog [tomcat-handler-1] Initializing Spring DispatcherServlet 'dispatcherServlet'
2025-09-20 16:08:02,221 INFO o.s.w.s.FrameworkServlet [tomcat-handler-1] Initializing Servlet 'dispatcherServlet'
2025-09-20 16:08:02,224 INFO o.s.w.s.FrameworkServlet [tomcat-handler-1] Completed initialization in 2 ms
2025-09-20 16:08:02,493 INFO c.e.a.i.UserResourceAdapterIn [tomcat-handler-1] Creating user: User{id=null, document='45616771007', name='Kenneth de Oliveira Soares', email='kennetholiveira2015@gmail.com', address=Address{id=null, street='null', city='null', state='null', postalCode='58051020'}}
2025-09-20 16:08:09,184 WARN o.s.a.r.l.SimpleMessageListenerContainer$AsyncMessageProcessingConsumer [rabbit-simple-3] Consumer raised exception, processing can restart if the connection factory supports it. Exception summary: org.springframework.amqp.AmqpConnectException: java.net.ConnectException: Connection refused: no further information
2025-09-20 16:08:09,185 INFO o.s.a.r.l.SimpleMessageListenerContainer$AsyncMessageProcessingConsumer [rabbit-simple-3] Restarting Consumer@2f3949c1: tags=[[]], channel=null, acknowledgeMode=AUTO local queue size=0
2025-09-20 16:08:09,188 INFO o.s.a.r.c.AbstractConnectionFactory [rabbit-simple-4] Attempting to connect to: [localhost:5672]
2025-09-20 16:08:09,187 INFO c.e.a.o.CreateUserAdapterOut [tomcat-handler-1] Sending request to User Management Service to create user: User{id=null, document='45616771007', name='Kenneth de Oliveira Soares', email='kennetholiveira2015@gmail.com', address=Address{id=null, street='null', city='null', state='null', postalCode='58051020'}}
2025-09-20 16:08:09,190 ERROR o.s.a.r.l.AbstractMessageListenerContainer [rabbit-simple-4] Failed to check/redeclare auto-delete queue(s).
2025-09-20 16:08:09,191 INFO o.s.a.r.c.AbstractConnectionFactory [rabbit-simple-4] Attempting to connect to: [localhost:5672]
2025-09-20 16:08:09,690 ERROR c.e.a.o.CreateUserAdapterOut [tomcat-handler-1] Error sending request to User Management Service: : [500 Internal Server Error] during [POST] to [http://localhost:8084/api/v1/users] [UserManagementServiceClient#create(UserRequest)]: [{"code":"500","message":"Unexpected Error: could not execute statement [Unique index or primary key violation: \"PUBLIC.CONSTRAINT_INDEX_D1 ON PUBLIC.TB_USER(DOCUMENT NULLS FIRST) VALUES ( /* 1 */ '45... (468 bytes)]
2025-09-20 16:08:09,691 ERROR c.e.a.i.UserResourceAdapterIn [tomcat-handler-1] Error creating user: Error sending request to User Management Service: [500 Internal Server Error] during [POST] to [http://localhost:8084/api/v1/users] [UserManagementServiceClient#create(UserRequest)]: [{"code":"500","message":"Unexpected Error: could not execute statement [Unique index or primary key violation: \"PUBLIC.CONSTRAINT_INDEX_D1 ON PUBLIC.TB_USER(DOCUMENT NULLS FIRST) VALUES ( /* 1 */ '45... (468 bytes)]
2025-09-20 16:08:09,701 ERROR c.e.i.e.ControllerExceptionHandler [tomcat-handler-1] Error(code=500, reason=Internal Server Error, message=Unexpected Error: Error sending request to User Management Service: [500 Internal Server Error] during [POST] to [http://localhost:8084/api/v1/users] [UserManagementServiceClient#create(UserRequest)]: [{"code":"500","message":"Unexpected Error: could not execute statement [Unique index or primary key violation: \"PUBLIC.CONSTRAINT_INDEX_D1 ON PUBLIC.TB_USER(DOCUMENT NULLS FIRST) VALUES ( /* 1 */ '45... (468 bytes)], status=500, referenceError=null, baseType=null, schemaLocation=null, type=null)
java.lang.RuntimeException: Error sending request to User Management Service: [500 Internal Server Error] during [POST] to [http://localhost:8084/api/v1/users] [UserManagementServiceClient#create(UserRequest)]: [{"code":"500","message":"Unexpected Error: could not execute statement [Unique index or primary key violation: \"PUBLIC.CONSTRAINT_INDEX_D1 ON PUBLIC.TB_USER(DOCUMENT NULLS FIRST) VALUES ( /* 1 */ '45... (468 bytes)]
	at com.example.adapter.out.CreateUserAdapterOut.lambda$create$1(CreateUserAdapterOut.java:36)
	at com.example.adapter.out.CreateUserAdapterOut.handleExceptions(CreateUserAdapterOut.java:48)
	at com.example.adapter.out.CreateUserAdapterOut.create(CreateUserAdapterOut.java:26)
	at com.example.application.usecase.CreateUserUseCase.create(CreateUserUseCase.java:17)
	at com.example.adapter.in.UserResourceAdapterIn.create(UserResourceAdapterIn.java:32)
	at java.base/jdk.internal.reflect.DirectMethodHandleAccessor.invoke(DirectMethodHandleAccessor.java:103)
	at java.base/java.lang.reflect.Method.invoke(Method.java:580)
	at org.springframework.web.method.support.InvocableHandlerMethod.doInvoke(InvocableHandlerMethod.java:255)
	at org.springframework.web.method.support.InvocableHandlerMethod.invokeForRequest(InvocableHandlerMethod.java:188)
	at org.springframework.web.servlet.mvc.method.annotation.ServletInvocableHandlerMethod.invokeAndHandle(ServletInvocableHandlerMethod.java:118)
	at org.springframework.web.servlet.mvc.method.annotation.RequestMappingHandlerAdapter.invokeHandlerMethod(RequestMappingHandlerAdapter.java:926)
	at org.springframework.web.servlet.mvc.method.annotation.RequestMappingHandlerAdapter.handleInternal(RequestMappingHandlerAdapter.java:831)
	at org.springframework.web.servlet.mvc.method.AbstractHandlerMethodAdapter.handle(AbstractHandlerMethodAdapter.java:87)
	at org.springframework.web.servlet.DispatcherServlet.doDispatch(DispatcherServlet.java:1089)
	at org.springframework.web.servlet.DispatcherServlet.doService(DispatcherServlet.java:979)
	at org.springframework.web.servlet.FrameworkServlet.processRequest(FrameworkServlet.java:1014)
	at org.springframework.web.servlet.FrameworkServlet.doPost(FrameworkServlet.java:914)
	at jakarta.servlet.http.HttpServlet.service(HttpServlet.java:590)
	at org.springframework.web.servlet.FrameworkServlet.service(FrameworkServlet.java:885)
	at jakarta.servlet.http.HttpServlet.service(HttpServlet.java:658)
	at org.apache.catalina.core.ApplicationFilterChain.internalDoFilter(ApplicationFilterChain.java:195)
	at org.apache.catalina.core.ApplicationFilterChain.doFilter(ApplicationFilterChain.java:140)
	at org.apache.tomcat.websocket.server.WsFilter.doFilter(WsFilter.java:51)
	at org.apache.catalina.core.ApplicationFilterChain.internalDoFilter(ApplicationFilterChain.java:164)
	at org.apache.catalina.core.ApplicationFilterChain.doFilter(ApplicationFilterChain.java:140)
	at org.springframework.web.filter.RequestContextFilter.doFilterInternal(RequestContextFilter.java:100)
	at org.springframework.web.filter.OncePerRequestFilter.doFilter(OncePerRequestFilter.java:116)
	at org.apache.catalina.core.ApplicationFilterChain.internalDoFilter(ApplicationFilterChain.java:164)
	at org.apache.catalina.core.ApplicationFilterChain.doFilter(ApplicationFilterChain.java:140)
	at org.springframework.web.filter.FormContentFilter.doFilterInternal(FormContentFilter.java:93)
	at org.springframework.web.filter.OncePerRequestFilter.doFilter(OncePerRequestFilter.java:116)
	at org.apache.catalina.core.ApplicationFilterChain.internalDoFilter(ApplicationFilterChain.java:164)
	at org.apache.catalina.core.ApplicationFilterChain.doFilter(ApplicationFilterChain.java:140)
	at org.springframework.web.filter.CharacterEncodingFilter.doFilterInternal(CharacterEncodingFilter.java:201)
	at org.springframework.web.filter.OncePerRequestFilter.doFilter(OncePerRequestFilter.java:116)
	at org.apache.catalina.core.ApplicationFilterChain.internalDoFilter(ApplicationFilterChain.java:164)
	at org.apache.catalina.core.ApplicationFilterChain.doFilter(ApplicationFilterChain.java:140)
	at org.apache.catalina.core.StandardWrapperValve.invoke(StandardWrapperValve.java:167)
	at org.apache.catalina.core.StandardContextValve.invoke(StandardContextValve.java:90)
	at org.apache.catalina.authenticator.AuthenticatorBase.invoke(AuthenticatorBase.java:483)
	at org.apache.catalina.core.StandardHostValve.invoke(StandardHostValve.java:115)
	at org.apache.catalina.valves.ErrorReportValve.invoke(ErrorReportValve.java:93)
	at org.apache.catalina.core.StandardEngineValve.invoke(StandardEngineValve.java:74)
	at org.apache.catalina.connector.CoyoteAdapter.service(CoyoteAdapter.java:344)
	at org.apache.coyote.http11.Http11Processor.service(Http11Processor.java:384)
	at org.apache.coyote.AbstractProcessorLight.process(AbstractProcessorLight.java:63)
	at org.apache.coyote.AbstractProtocol$ConnectionHandler.process(AbstractProtocol.java:905)
	at org.apache.tomcat.util.net.NioEndpoint$SocketProcessor.doRun(NioEndpoint.java:1741)
	at org.apache.tomcat.util.net.SocketProcessorBase.run(SocketProcessorBase.java:52)
	at java.base/java.lang.VirtualThread.run(VirtualThread.java:311)
2025-09-20 16:08:14,331 WARN o.s.a.r.l.SimpleMessageListenerContainer$AsyncMessageProcessingConsumer [rabbit-simple-4] Consumer raised exception, processing can restart if the connection factory supports it. Exception summary: org.springframework.amqp.AmqpConnectException: java.net.ConnectException: Connection refused: no further information
2025-09-20 16:08:14,331 INFO o.s.a.r.l.SimpleMessageListenerContainer$AsyncMessageProcessingConsumer [rabbit-simple-4] Restarting Consumer@27084695: tags=[[]], channel=null, acknowledgeMode=AUTO local queue size=0
2025-09-20 16:08:14,332 INFO o.s.a.r.c.AbstractConnectionFactory [rabbit-simple-5] Attempting to connect to: [localhost:5672]
2025-09-20 16:08:14,347 ERROR o.s.a.r.l.AbstractMessageListenerContainer [rabbit-simple-5] Failed to check/redeclare auto-delete queue(s).
2025-09-20 16:08:14,347 INFO o.s.a.r.c.AbstractConnectionFactory [rabbit-simple-5] Attempting to connect to: [localhost:5672]
2025-09-20 16:08:19,505 WARN o.s.a.r.l.SimpleMessageListenerContainer$AsyncMessageProcessingConsumer [rabbit-simple-5] Consumer raised exception, processing can restart if the connection factory supports it. Exception summary: org.springframework.amqp.AmqpConnectException: java.net.ConnectException: Connection refused: no further information
2025-09-20 16:08:19,506 INFO o.s.a.r.l.SimpleMessageListenerContainer$AsyncMessageProcessingConsumer [rabbit-simple-5] Restarting Consumer@4237f563: tags=[[]], channel=null, acknowledgeMode=AUTO local queue size=0
2025-09-20 16:08:19,508 INFO o.s.a.r.c.AbstractConnectionFactory [rabbit-simple-6] Attempting to connect to: [localhost:5672]
2025-09-20 16:08:19,511 ERROR o.s.a.r.l.AbstractMessageListenerContainer [rabbit-simple-6] Failed to check/redeclare auto-delete queue(s).
2025-09-20 16:08:19,511 INFO o.s.a.r.c.AbstractConnectionFactory [rabbit-simple-6] Attempting to connect to: [localhost:5672]
2025-09-20 16:08:24,668 WARN o.s.a.r.l.SimpleMessageListenerContainer$AsyncMessageProcessingConsumer [rabbit-simple-6] Consumer raised exception, processing can restart if the connection factory supports it. Exception summary: org.springframework.amqp.AmqpConnectException: java.net.ConnectException: Connection refused: no further information
2025-09-20 16:08:24,668 INFO o.s.a.r.l.SimpleMessageListenerContainer$AsyncMessageProcessingConsumer [rabbit-simple-6] Restarting Consumer@4d91d839: tags=[[]], channel=null, acknowledgeMode=AUTO local queue size=0
2025-09-20 16:08:24,669 INFO o.s.a.r.c.AbstractConnectionFactory [rabbit-simple-7] Attempting to connect to: [localhost:5672]
2025-09-20 16:08:24,683 ERROR o.s.a.r.l.AbstractMessageListenerContainer [rabbit-simple-7] Failed to check/redeclare auto-delete queue(s).
2025-09-20 16:08:24,683 INFO o.s.a.r.c.AbstractConnectionFactory [rabbit-simple-7] Attempting to connect to: [localhost:5672]
2025-09-20 16:08:29,824 WARN o.s.a.r.l.SimpleMessageListenerContainer$AsyncMessageProcessingConsumer [rabbit-simple-7] Consumer raised exception, processing can restart if the connection factory supports it. Exception summary: org.springframework.amqp.AmqpConnectException: java.net.ConnectException: Connection refused: no further information
2025-09-20 16:08:29,825 INFO o.s.a.r.l.SimpleMessageListenerContainer$AsyncMessageProcessingConsumer [rabbit-simple-7] Restarting Consumer@20bc229a: tags=[[]], channel=null, acknowledgeMode=AUTO local queue size=0
2025-09-20 16:08:29,827 INFO o.s.a.r.c.AbstractConnectionFactory [rabbit-simple-8] Attempting to connect to: [localhost:5672]
2025-09-20 16:08:29,832 ERROR o.s.a.r.l.AbstractMessageListenerContainer [rabbit-simple-8] Failed to check/redeclare auto-delete queue(s).
2025-09-20 16:08:29,833 INFO o.s.a.r.c.AbstractConnectionFactory [rabbit-simple-8] Attempting to connect to: [localhost:5672]
2025-09-20 16:08:35,051 WARN o.s.a.r.l.SimpleMessageListenerContainer$AsyncMessageProcessingConsumer [rabbit-simple-8] Consumer raised exception, processing can restart if the connection factory supports it. Exception summary: org.springframework.amqp.AmqpConnectException: java.net.ConnectException: Connection refused: no further information
2025-09-20 16:08:35,051 INFO o.s.a.r.l.SimpleMessageListenerContainer$AsyncMessageProcessingConsumer [rabbit-simple-8] Restarting Consumer@3a8095a5: tags=[[]], channel=null, acknowledgeMode=AUTO local queue size=0
2025-09-20 16:08:35,053 INFO o.s.a.r.c.AbstractConnectionFactory [rabbit-simple-9] Attempting to connect to: [localhost:5672]
2025-09-20 16:08:35,055 ERROR o.s.a.r.l.AbstractMessageListenerContainer [rabbit-simple-9] Failed to check/redeclare auto-delete queue(s).
2025-09-20 16:08:35,055 INFO o.s.a.r.c.AbstractConnectionFactory [rabbit-simple-9] Attempting to connect to: [localhost:5672]
2025-09-20 16:08:40,188 WARN o.s.a.r.l.SimpleMessageListenerContainer$AsyncMessageProcessingConsumer [rabbit-simple-9] Consumer raised exception, processing can restart if the connection factory supports it. Exception summary: org.springframework.amqp.AmqpConnectException: java.net.ConnectException: Connection refused: no further information
2025-09-20 16:08:40,188 INFO o.s.a.r.l.SimpleMessageListenerContainer$AsyncMessageProcessingConsumer [rabbit-simple-9] Restarting Consumer@5e89fd10: tags=[[]], channel=null, acknowledgeMode=AUTO local queue size=0
2025-09-20 16:08:40,190 INFO o.s.a.r.c.AbstractConnectionFactory [rabbit-simple-10] Attempting to connect to: [localhost:5672]
2025-09-20 16:08:40,193 ERROR o.s.a.r.l.AbstractMessageListenerContainer [rabbit-simple-10] Failed to check/redeclare auto-delete queue(s).
2025-09-20 16:08:40,194 INFO o.s.a.r.c.AbstractConnectionFactory [rabbit-simple-10] Attempting to connect to: [localhost:5672]
2025-09-20 16:08:45,219 WARN o.s.a.r.l.SimpleMessageListenerContainer$AsyncMessageProcessingConsumer [rabbit-simple-10] Consumer raised exception, processing can restart if the connection factory supports it. Exception summary: org.springframework.amqp.AmqpConnectException: java.net.ConnectException: Connection refused: no further information
2025-09-20 16:08:45,220 INFO o.s.a.r.l.SimpleMessageListenerContainer$AsyncMessageProcessingConsumer [rabbit-simple-10] Restarting Consumer@76486978: tags=[[]], channel=null, acknowledgeMode=AUTO local queue size=0
2025-09-20 16:08:45,221 INFO o.s.a.r.c.AbstractConnectionFactory [rabbit-simple-11] Attempting to connect to: [localhost:5672]
2025-09-20 16:08:45,236 ERROR o.s.a.r.l.AbstractMessageListenerContainer [rabbit-simple-11] Failed to check/redeclare auto-delete queue(s).
2025-09-20 16:08:45,236 INFO o.s.a.r.c.AbstractConnectionFactory [rabbit-simple-11] Attempting to connect to: [localhost:5672]
2025-09-20 16:08:50,295 WARN o.s.a.r.l.SimpleMessageListenerContainer$AsyncMessageProcessingConsumer [rabbit-simple-11] Consumer raised exception, processing can restart if the connection factory supports it. Exception summary: org.springframework.amqp.AmqpConnectException: java.net.ConnectException: Connection refused: no further information
2025-09-20 16:08:50,297 INFO o.s.a.r.l.SimpleMessageListenerContainer$AsyncMessageProcessingConsumer [rabbit-simple-11] Restarting Consumer@655b585c: tags=[[]], channel=null, acknowledgeMode=AUTO local queue size=0
2025-09-20 16:08:50,299 INFO o.s.a.r.c.AbstractConnectionFactory [rabbit-simple-12] Attempting to connect to: [localhost:5672]
2025-09-20 16:08:50,303 ERROR o.s.a.r.l.AbstractMessageListenerContainer [rabbit-simple-12] Failed to check/redeclare auto-delete queue(s).
2025-09-20 16:08:50,304 INFO o.s.a.r.c.AbstractConnectionFactory [rabbit-simple-12] Attempting to connect to: [localhost:5672]
2025-09-20 16:08:55,490 WARN o.s.a.r.l.SimpleMessageListenerContainer$AsyncMessageProcessingConsumer [rabbit-simple-12] Consumer raised exception, processing can restart if the connection factory supports it. Exception summary: org.springframework.amqp.AmqpConnectException: java.net.ConnectException: Connection refused: no further information
2025-09-20 16:08:55,490 INFO o.s.a.r.l.SimpleMessageListenerContainer$AsyncMessageProcessingConsumer [rabbit-simple-12] Restarting Consumer@4d7f5042: tags=[[]], channel=null, acknowledgeMode=AUTO local queue size=0
2025-09-20 16:08:55,493 INFO o.s.a.r.c.AbstractConnectionFactory [rabbit-simple-13] Attempting to connect to: [localhost:5672]
2025-09-20 16:08:55,497 ERROR o.s.a.r.l.AbstractMessageListenerContainer [rabbit-simple-13] Failed to check/redeclare auto-delete queue(s).
2025-09-20 16:08:55,498 INFO o.s.a.r.c.AbstractConnectionFactory [rabbit-simple-13] Attempting to connect to: [localhost:5672]
2025-09-20 16:09:00,721 WARN o.s.a.r.l.SimpleMessageListenerContainer$AsyncMessageProcessingConsumer [rabbit-simple-13] Consumer raised exception, processing can restart if the connection factory supports it. Exception summary: org.springframework.amqp.AmqpConnectException: java.net.ConnectException: Connection refused: no further information
2025-09-20 16:09:00,722 INFO o.s.a.r.l.SimpleMessageListenerContainer$AsyncMessageProcessingConsumer [rabbit-simple-13] Restarting Consumer@26d9c65: tags=[[]], channel=null, acknowledgeMode=AUTO local queue size=0
2025-09-20 16:09:00,725 INFO o.s.a.r.c.AbstractConnectionFactory [rabbit-simple-14] Attempting to connect to: [localhost:5672]
2025-09-20 16:09:00,729 ERROR o.s.a.r.l.AbstractMessageListenerContainer [rabbit-simple-14] Failed to check/redeclare auto-delete queue(s).
2025-09-20 16:09:00,730 INFO o.s.a.r.c.AbstractConnectionFactory [rabbit-simple-14] Attempting to connect to: [localhost:5672]
2025-09-20 16:09:02,086 INFO c.e.a.i.UserResourceAdapterIn [tomcat-handler-3] Creating user: User{id=null, document='80747982082', name='Kenneth de Oliveira Soares', email='kennetholiveira2015@gmail.com', address=Address{id=null, street='null', city='null', state='null', postalCode='58051020'}}
2025-09-20 16:09:02,088 INFO c.e.a.o.CreateUserAdapterOut [tomcat-handler-3] Sending request to User Management Service to create user: User{id=null, document='80747982082', name='Kenneth de Oliveira Soares', email='kennetholiveira2015@gmail.com', address=Address{id=null, street='null', city='null', state='null', postalCode='58051020'}}
2025-09-20 16:09:02,558 INFO c.e.a.o.CreateUserAdapterOut [tomcat-handler-3] Created user in User Management Service: UserResponse(document=80747982082, name=Kenneth de Oliveira Soares, email=kennetholiveira2015@gmail.com, userAddressResponse=UserAddressResponse(street=Rua Hermelinda Henriques de Araújo, city=João Pessoa, state=PB, postalCode=58051-020))
2025-09-20 16:09:22,016 WARN o.s.a.r.l.SimpleMessageListenerContainer$AsyncMessageProcessingConsumer [rabbit-simple-14] Consumer raised exception, processing can restart if the connection factory supports it. Exception summary: org.springframework.amqp.AmqpConnectException: java.net.ConnectException: Connection refused: no further information
2025-09-20 16:09:22,017 INFO o.s.a.r.l.SimpleMessageListenerContainer$AsyncMessageProcessingConsumer [rabbit-simple-14] Restarting Consumer@1d54d694: tags=[[]], channel=null, acknowledgeMode=AUTO local queue size=0
2025-09-20 16:09:22,020 INFO o.s.a.r.c.AbstractConnectionFactory [rabbit-simple-15] Attempting to connect to: [localhost:5672]
2025-09-20 16:09:22,024 ERROR o.s.a.r.l.AbstractMessageListenerContainer [rabbit-simple-15] Failed to check/redeclare auto-delete queue(s).
2025-09-20 16:09:22,024 INFO o.s.a.r.c.AbstractConnectionFactory [rabbit-simple-15] Attempting to connect to: [localhost:5672]
2025-09-20 16:09:22,034 INFO c.e.a.i.UserResourceAdapterIn [tomcat-handler-3] Created user: User{id=null, document='80747982082', name='Kenneth de Oliveira Soares', email='kennetholiveira2015@gmail.com', address=Address{id=null, street='null', city='null', state='null', postalCode='58051020'}}
2025-09-20 16:09:31,985 WARN o.s.a.r.l.SimpleMessageListenerContainer$AsyncMessageProcessingConsumer [rabbit-simple-15] Consumer raised exception, processing can restart if the connection factory supports it. Exception summary: org.springframework.amqp.AmqpConnectException: java.net.ConnectException: Connection refused: no further information
2025-09-20 16:09:31,987 INFO o.s.a.r.l.SimpleMessageListenerContainer$AsyncMessageProcessingConsumer [rabbit-simple-15] Restarting Consumer@625bbbbb: tags=[[]], channel=null, acknowledgeMode=AUTO local queue size=0
2025-09-20 16:09:31,991 INFO o.s.a.r.c.AbstractConnectionFactory [rabbit-simple-16] Attempting to connect to: [localhost:5672]
2025-09-20 16:09:31,995 ERROR o.s.a.r.l.AbstractMessageListenerContainer [rabbit-simple-16] Failed to check/redeclare auto-delete queue(s).
2025-09-20 16:09:31,998 INFO o.s.a.r.c.AbstractConnectionFactory [rabbit-simple-16] Attempting to connect to: [localhost:5672]
2025-09-20 16:12:25,647 INFO o.h.v.i.u.Version [background-preinit] HV000001: Hibernate Validator 8.0.1.Final
2025-09-20 16:12:25,803 INFO o.s.b.StartupInfoLogger [main] Starting Bootstrap using Java 21 with PID 11288 (C:\Users\koliveiras\workspace-study\ms-reservation-inventory\target\classes started by koliveiras in C:\Users\koliveiras\workspace-study\ms-reservation-inventory)
2025-09-20 16:12:25,805 DEBUG o.s.b.StartupInfoLogger [main] Running with Spring Boot v3.3.5, Spring v6.1.14
2025-09-20 16:12:25,807 INFO o.s.b.SpringApplication [main] The following 1 profile is active: "dev"
2025-09-20 16:12:28,448 INFO o.s.d.r.c.RepositoryConfigurationDelegate [main] Bootstrapping Spring Data JPA repositories in DEFAULT mode.
2025-09-20 16:12:28,830 INFO o.s.d.r.c.RepositoryConfigurationDelegate [main] Finished Spring Data repository scanning in 371 ms. Found 2 JPA repository interfaces.
2025-09-20 16:12:29,407 INFO o.s.c.c.s.GenericScope [main] BeanFactory id=a8a0d036-9d50-3b46-8703-5cd352c509c5
2025-09-20 16:12:30,591 INFO o.s.b.w.e.t.TomcatWebServer [main] Tomcat initialized with port 8081 (http)
2025-09-20 16:12:30,615 INFO o.a.j.l.DirectJDKLog [main] Initializing ProtocolHandler ["http-nio-8081"]
2025-09-20 16:12:30,623 INFO o.a.j.l.DirectJDKLog [main] Starting service [Tomcat]
2025-09-20 16:12:30,623 INFO o.a.j.l.DirectJDKLog [main] Starting Servlet engine: [Apache Tomcat/10.1.31]
2025-09-20 16:12:30,792 INFO o.a.j.l.DirectJDKLog [main] Initializing Spring embedded WebApplicationContext
2025-09-20 16:12:30,794 INFO o.s.b.w.s.c.ServletWebServerApplicationContext [main] Root WebApplicationContext: initialization completed in 4823 ms
2025-09-20 16:12:30,864 INFO c.z.h.HikariDataSource [main] HikariPool-1 - Starting...
2025-09-20 16:12:31,350 INFO c.z.h.p.HikariPool [main] HikariPool-1 - Added connection conn0: url=jdbc:h2:mem:testdb user=SA
2025-09-20 16:12:31,356 INFO c.z.h.HikariDataSource [main] HikariPool-1 - Start completed.
2025-09-20 16:12:31,394 INFO o.s.b.a.h.H2ConsoleAutoConfiguration [main] H2 console available at '/h2-console'. Database available at 'jdbc:h2:mem:testdb'
2025-09-20 16:12:31,924 INFO o.h.j.i.u.LogHelper [main] HHH000204: Processing PersistenceUnitInfo [name: default]
2025-09-20 16:12:32,076 INFO o.h.Version [main] HHH000412: Hibernate ORM core version 6.5.3.Final
2025-09-20 16:12:32,161 INFO o.h.c.i.RegionFactoryInitiator [main] HHH000026: Second-level cache disabled
2025-09-20 16:12:33,097 INFO o.s.o.j.p.SpringPersistenceUnitInfo [main] No LoadTimeWeaver setup: ignoring JPA class transformer
2025-09-20 16:12:33,230 WARN o.h.e.j.d.i.DialectFactoryImpl [main] HHH90000025: H2Dialect does not need to be specified explicitly using 'hibernate.dialect' (remove the property setting and it will be selected by default)
2025-09-20 16:12:35,108 INFO o.h.e.t.j.p.i.JtaPlatformInitiator [main] HHH000489: No JTA platform available (set 'hibernate.transaction.jta.platform' to enable JTA platform integration)
2025-09-20 16:12:35,206 INFO o.s.o.j.AbstractEntityManagerFactoryBean [main] Initialized JPA EntityManagerFactory for persistence unit 'default'
2025-09-20 16:12:35,600 WARN o.s.b.a.o.j.JpaBaseConfiguration$JpaWebConfiguration [main] spring.jpa.open-in-view is enabled by default. Therefore, database queries may be performed during view rendering. Explicitly configure spring.jpa.open-in-view to disable this warning
2025-09-20 16:12:36,378 INFO o.s.d.j.r.q.QueryEnhancerFactory [main] Hibernate is in classpath; If applicable, HQL parser will be used.
2025-09-20 16:12:38,758 INFO o.s.g.e.DefaultSchemaResourceGraphQlSourceBuilder [main] Loaded 1 resource(s) in the GraphQL schema.
2025-09-20 16:12:39,229 INFO o.s.g.e.DefaultSchemaResourceGraphQlSourceBuilder [main] GraphQL schema inspection:
	Unmapped fields: {Query=[_empty]}
	Unmapped registrations: {}
	Unmapped arguments: {}
	Skipped types: []
2025-09-20 16:12:39,289 INFO o.s.b.a.g.s.GraphQlWebMvcAutoConfiguration [main] GraphQL endpoint HTTP POST /graphql
2025-09-20 16:12:39,923 INFO o.a.j.l.DirectJDKLog [main] Starting ProtocolHandler ["http-nio-8081"]
2025-09-20 16:12:40,025 INFO o.s.b.w.e.t.TomcatWebServer [main] Tomcat started on port 8081 (http) with context path '/'
2025-09-20 16:12:40,040 INFO o.s.a.r.c.AbstractConnectionFactory [main] Attempting to connect to: [localhost:5672]
2025-09-20 16:12:40,064 INFO o.s.a.r.l.AbstractMessageListenerContainer [main] Broker not available; cannot force queue declarations during start: java.net.ConnectException: Connection refused: no further information
2025-09-20 16:12:40,097 INFO o.s.a.r.c.AbstractConnectionFactory [rabbit-simple-0] Attempting to connect to: [localhost:5672]
2025-09-20 16:12:40,111 ERROR o.s.a.r.l.AbstractMessageListenerContainer [rabbit-simple-0] Failed to check/redeclare auto-delete queue(s).
org.springframework.amqp.AmqpConnectException: java.net.ConnectException: Connection refused: no further information
	at org.springframework.amqp.rabbit.support.RabbitExceptionTranslator.convertRabbitAccessException(RabbitExceptionTranslator.java:61)
	at org.springframework.amqp.rabbit.connection.AbstractConnectionFactory.createBareConnection(AbstractConnectionFactory.java:622)
	at org.springframework.amqp.rabbit.connection.CachingConnectionFactory.createConnection(CachingConnectionFactory.java:726)
	at org.springframework.amqp.rabbit.connection.ConnectionFactoryUtils.createConnection(ConnectionFactoryUtils.java:257)
	at org.springframework.amqp.rabbit.core.RabbitTemplate.doExecute(RabbitTemplate.java:2249)
	at org.springframework.amqp.rabbit.core.RabbitTemplate.execute(RabbitTemplate.java:2222)
	at org.springframework.amqp.rabbit.core.RabbitTemplate.execute(RabbitTemplate.java:2202)
	at org.springframework.amqp.rabbit.core.RabbitAdmin.getQueueInfo(RabbitAdmin.java:467)
	at org.springframework.amqp.rabbit.core.RabbitAdmin.getQueueProperties(RabbitAdmin.java:451)
	at org.springframework.amqp.rabbit.listener.AbstractMessageListenerContainer.attemptDeclarations(AbstractMessageListenerContainer.java:1960)
	at org.springframework.amqp.rabbit.listener.AbstractMessageListenerContainer.redeclareElementsIfNecessary(AbstractMessageListenerContainer.java:1924)
	at org.springframework.amqp.rabbit.listener.SimpleMessageListenerContainer$AsyncMessageProcessingConsumer.initialize(SimpleMessageListenerContainer.java:1479)
	at org.springframework.amqp.rabbit.listener.SimpleMessageListenerContainer$AsyncMessageProcessingConsumer.run(SimpleMessageListenerContainer.java:1320)
	at java.base/java.lang.VirtualThread.run(VirtualThread.java:311)
Caused by: java.net.ConnectException: Connection refused: no further information
	at java.base/sun.nio.ch.Net.pollConnect(Native Method)
	at java.base/sun.nio.ch.Net.pollConnectNow(Net.java:682)
	at java.base/sun.nio.ch.NioSocketImpl.timedFinishConnect(NioSocketImpl.java:542)
	at java.base/sun.nio.ch.NioSocketImpl.connect(NioSocketImpl.java:592)
	at java.base/java.net.SocksSocketImpl.connect(SocksSocketImpl.java:327)
	at java.base/java.net.Socket.connect(Socket.java:751)
	at com.rabbitmq.client.impl.SocketFrameHandlerFactory.create(SocketFrameHandlerFactory.java:61)
	at com.rabbitmq.client.ConnectionFactory.newConnection(ConnectionFactory.java:1249)
	at com.rabbitmq.client.ConnectionFactory.newConnection(ConnectionFactory.java:1198)
	at org.springframework.amqp.rabbit.connection.AbstractConnectionFactory.connectAddresses(AbstractConnectionFactory.java:668)
	at org.springframework.amqp.rabbit.connection.AbstractConnectionFactory.connect(AbstractConnectionFactory.java:637)
	at org.springframework.amqp.rabbit.connection.AbstractConnectionFactory.createBareConnection(AbstractConnectionFactory.java:584)
	... 12 common frames omitted
2025-09-20 16:12:40,118 INFO o.s.a.r.c.AbstractConnectionFactory [rabbit-simple-0] Attempting to connect to: [localhost:5672]
2025-09-20 16:12:40,153 INFO o.s.b.StartupInfoLogger [main] Started Bootstrap in 16.591 seconds (process running for 18.965)
2025-09-20 16:12:45,244 WARN o.s.a.r.l.SimpleMessageListenerContainer$AsyncMessageProcessingConsumer [rabbit-simple-0] Consumer raised exception, processing can restart if the connection factory supports it. Exception summary: org.springframework.amqp.AmqpConnectException: java.net.ConnectException: Connection refused: no further information
2025-09-20 16:12:45,251 INFO o.s.a.r.l.SimpleMessageListenerContainer$AsyncMessageProcessingConsumer [rabbit-simple-0] Restarting Consumer@77c77a64: tags=[[]], channel=null, acknowledgeMode=AUTO local queue size=0
2025-09-20 16:12:45,253 INFO o.s.a.r.c.AbstractConnectionFactory [rabbit-simple-1] Attempting to connect to: [localhost:5672]
2025-09-20 16:12:45,254 ERROR o.s.a.r.l.AbstractMessageListenerContainer [rabbit-simple-1] Failed to check/redeclare auto-delete queue(s).
2025-09-20 16:12:45,255 INFO o.s.a.r.c.AbstractConnectionFactory [rabbit-simple-1] Attempting to connect to: [localhost:5672]
2025-09-20 16:12:50,370 WARN o.s.a.r.l.SimpleMessageListenerContainer$AsyncMessageProcessingConsumer [rabbit-simple-1] Consumer raised exception, processing can restart if the connection factory supports it. Exception summary: org.springframework.amqp.AmqpConnectException: java.net.ConnectException: Connection refused: no further information
2025-09-20 16:12:50,371 INFO o.s.a.r.l.SimpleMessageListenerContainer$AsyncMessageProcessingConsumer [rabbit-simple-1] Restarting Consumer@58bdf00e: tags=[[]], channel=null, acknowledgeMode=AUTO local queue size=0
2025-09-20 16:12:50,372 INFO o.s.a.r.c.AbstractConnectionFactory [rabbit-simple-2] Attempting to connect to: [localhost:5672]
2025-09-20 16:12:50,385 ERROR o.s.a.r.l.AbstractMessageListenerContainer [rabbit-simple-2] Failed to check/redeclare auto-delete queue(s).
2025-09-20 16:12:50,386 INFO o.s.a.r.c.AbstractConnectionFactory [rabbit-simple-2] Attempting to connect to: [localhost:5672]
2025-09-20 16:12:55,537 WARN o.s.a.r.l.SimpleMessageListenerContainer$AsyncMessageProcessingConsumer [rabbit-simple-2] Consumer raised exception, processing can restart if the connection factory supports it. Exception summary: org.springframework.amqp.AmqpConnectException: java.net.ConnectException: Connection refused: no further information
2025-09-20 16:12:55,538 INFO o.s.a.r.l.SimpleMessageListenerContainer$AsyncMessageProcessingConsumer [rabbit-simple-2] Restarting Consumer@7ead31e0: tags=[[]], channel=null, acknowledgeMode=AUTO local queue size=0
2025-09-20 16:12:55,539 INFO o.s.a.r.c.AbstractConnectionFactory [rabbit-simple-3] Attempting to connect to: [localhost:5672]
2025-09-20 16:12:55,568 ERROR o.s.a.r.l.AbstractMessageListenerContainer [rabbit-simple-3] Failed to check/redeclare auto-delete queue(s).
2025-09-20 16:12:55,568 INFO o.s.a.r.c.AbstractConnectionFactory [rabbit-simple-3] Attempting to connect to: [localhost:5672]
2025-09-20 16:13:00,756 WARN o.s.a.r.l.SimpleMessageListenerContainer$AsyncMessageProcessingConsumer [rabbit-simple-3] Consumer raised exception, processing can restart if the connection factory supports it. Exception summary: org.springframework.amqp.AmqpConnectException: java.net.ConnectException: Connection refused: no further information
2025-09-20 16:13:00,757 INFO o.s.a.r.l.SimpleMessageListenerContainer$AsyncMessageProcessingConsumer [rabbit-simple-3] Restarting Consumer@7c03a641: tags=[[]], channel=null, acknowledgeMode=AUTO local queue size=0
2025-09-20 16:13:00,758 INFO o.s.a.r.c.AbstractConnectionFactory [rabbit-simple-4] Attempting to connect to: [localhost:5672]
2025-09-20 16:13:00,772 ERROR o.s.a.r.l.AbstractMessageListenerContainer [rabbit-simple-4] Failed to check/redeclare auto-delete queue(s).
2025-09-20 16:13:00,772 INFO o.s.a.r.c.AbstractConnectionFactory [rabbit-simple-4] Attempting to connect to: [localhost:5672]
2025-09-20 16:13:05,880 WARN o.s.a.r.l.SimpleMessageListenerContainer$AsyncMessageProcessingConsumer [rabbit-simple-4] Consumer raised exception, processing can restart if the connection factory supports it. Exception summary: org.springframework.amqp.AmqpConnectException: java.net.ConnectException: Connection refused: no further information
2025-09-20 16:13:05,880 INFO o.s.a.r.l.SimpleMessageListenerContainer$AsyncMessageProcessingConsumer [rabbit-simple-4] Restarting Consumer@731f4af: tags=[[]], channel=null, acknowledgeMode=AUTO local queue size=0
2025-09-20 16:13:05,881 INFO o.s.a.r.c.AbstractConnectionFactory [rabbit-simple-5] Attempting to connect to: [localhost:5672]
2025-09-20 16:13:05,896 ERROR o.s.a.r.l.AbstractMessageListenerContainer [rabbit-simple-5] Failed to check/redeclare auto-delete queue(s).
2025-09-20 16:13:05,897 INFO o.s.a.r.c.AbstractConnectionFactory [rabbit-simple-5] Attempting to connect to: [localhost:5672]
2025-09-20 16:13:11,057 WARN o.s.a.r.l.SimpleMessageListenerContainer$AsyncMessageProcessingConsumer [rabbit-simple-5] Consumer raised exception, processing can restart if the connection factory supports it. Exception summary: org.springframework.amqp.AmqpConnectException: java.net.ConnectException: Connection refused: no further information
2025-09-20 16:13:11,058 INFO o.s.a.r.l.SimpleMessageListenerContainer$AsyncMessageProcessingConsumer [rabbit-simple-5] Restarting Consumer@7f07da8a: tags=[[]], channel=null, acknowledgeMode=AUTO local queue size=0
2025-09-20 16:13:11,059 INFO o.s.a.r.c.AbstractConnectionFactory [rabbit-simple-6] Attempting to connect to: [localhost:5672]
2025-09-20 16:13:11,089 ERROR o.s.a.r.l.AbstractMessageListenerContainer [rabbit-simple-6] Failed to check/redeclare auto-delete queue(s).
2025-09-20 16:13:11,089 INFO o.s.a.r.c.AbstractConnectionFactory [rabbit-simple-6] Attempting to connect to: [localhost:5672]
2025-09-20 16:13:16,219 WARN o.s.a.r.l.SimpleMessageListenerContainer$AsyncMessageProcessingConsumer [rabbit-simple-6] Consumer raised exception, processing can restart if the connection factory supports it. Exception summary: org.springframework.amqp.AmqpConnectException: java.net.ConnectException: Connection refused: no further information
2025-09-20 16:13:16,220 INFO o.s.a.r.l.SimpleMessageListenerContainer$AsyncMessageProcessingConsumer [rabbit-simple-6] Restarting Consumer@64077940: tags=[[]], channel=null, acknowledgeMode=AUTO local queue size=0
2025-09-20 16:13:16,221 INFO o.s.a.r.c.AbstractConnectionFactory [rabbit-simple-7] Attempting to connect to: [localhost:5672]
2025-09-20 16:13:16,235 ERROR o.s.a.r.l.AbstractMessageListenerContainer [rabbit-simple-7] Failed to check/redeclare auto-delete queue(s).
2025-09-20 16:13:16,236 INFO o.s.a.r.c.AbstractConnectionFactory [rabbit-simple-7] Attempting to connect to: [localhost:5672]
2025-09-20 16:13:21,388 WARN o.s.a.r.l.SimpleMessageListenerContainer$AsyncMessageProcessingConsumer [rabbit-simple-7] Consumer raised exception, processing can restart if the connection factory supports it. Exception summary: org.springframework.amqp.AmqpConnectException: java.net.ConnectException: Connection refused: no further information
2025-09-20 16:13:21,389 INFO o.s.a.r.l.SimpleMessageListenerContainer$AsyncMessageProcessingConsumer [rabbit-simple-7] Restarting Consumer@29be7606: tags=[[]], channel=null, acknowledgeMode=AUTO local queue size=0
2025-09-20 16:13:21,390 INFO o.s.a.r.c.AbstractConnectionFactory [rabbit-simple-8] Attempting to connect to: [localhost:5672]
2025-09-20 16:13:21,392 ERROR o.s.a.r.l.AbstractMessageListenerContainer [rabbit-simple-8] Failed to check/redeclare auto-delete queue(s).
2025-09-20 16:13:21,392 INFO o.s.a.r.c.AbstractConnectionFactory [rabbit-simple-8] Attempting to connect to: [localhost:5672]
2025-09-20 16:13:26,611 WARN o.s.a.r.l.SimpleMessageListenerContainer$AsyncMessageProcessingConsumer [rabbit-simple-8] Consumer raised exception, processing can restart if the connection factory supports it. Exception summary: org.springframework.amqp.AmqpConnectException: java.net.ConnectException: Connection refused: no further information
2025-09-20 16:13:26,611 INFO o.s.a.r.l.SimpleMessageListenerContainer$AsyncMessageProcessingConsumer [rabbit-simple-8] Restarting Consumer@559c8a68: tags=[[]], channel=null, acknowledgeMode=AUTO local queue size=0
2025-09-20 16:13:26,613 INFO o.s.a.r.c.AbstractConnectionFactory [rabbit-simple-9] Attempting to connect to: [localhost:5672]
2025-09-20 16:13:26,642 ERROR o.s.a.r.l.AbstractMessageListenerContainer [rabbit-simple-9] Failed to check/redeclare auto-delete queue(s).
2025-09-20 16:13:26,642 INFO o.s.a.r.c.AbstractConnectionFactory [rabbit-simple-9] Attempting to connect to: [localhost:5672]
2025-09-20 16:13:31,750 WARN o.s.a.r.l.SimpleMessageListenerContainer$AsyncMessageProcessingConsumer [rabbit-simple-9] Consumer raised exception, processing can restart if the connection factory supports it. Exception summary: org.springframework.amqp.AmqpConnectException: java.net.ConnectException: Connection refused: no further information
2025-09-20 16:13:31,751 INFO o.s.a.r.l.SimpleMessageListenerContainer$AsyncMessageProcessingConsumer [rabbit-simple-9] Restarting Consumer@6d2af98: tags=[[]], channel=null, acknowledgeMode=AUTO local queue size=0
2025-09-20 16:13:31,752 INFO o.s.a.r.c.AbstractConnectionFactory [rabbit-simple-10] Attempting to connect to: [localhost:5672]
2025-09-20 16:13:31,755 ERROR o.s.a.r.l.AbstractMessageListenerContainer [rabbit-simple-10] Failed to check/redeclare auto-delete queue(s).
2025-09-20 16:13:31,755 INFO o.s.a.r.c.AbstractConnectionFactory [rabbit-simple-10] Attempting to connect to: [localhost:5672]
2025-09-20 16:13:36,887 WARN o.s.a.r.l.SimpleMessageListenerContainer$AsyncMessageProcessingConsumer [rabbit-simple-10] Consumer raised exception, processing can restart if the connection factory supports it. Exception summary: org.springframework.amqp.AmqpConnectException: java.net.ConnectException: Connection refused: no further information
2025-09-20 16:13:36,888 INFO o.s.a.r.l.SimpleMessageListenerContainer$AsyncMessageProcessingConsumer [rabbit-simple-10] Restarting Consumer@1c1a6c37: tags=[[]], channel=null, acknowledgeMode=AUTO local queue size=0
2025-09-20 16:13:36,889 INFO o.s.a.r.c.AbstractConnectionFactory [rabbit-simple-11] Attempting to connect to: [localhost:5672]
2025-09-20 16:13:36,904 ERROR o.s.a.r.l.AbstractMessageListenerContainer [rabbit-simple-11] Failed to check/redeclare auto-delete queue(s).
2025-09-20 16:13:36,905 INFO o.s.a.r.c.AbstractConnectionFactory [rabbit-simple-11] Attempting to connect to: [localhost:5672]
2025-09-20 16:13:42,027 WARN o.s.a.r.l.SimpleMessageListenerContainer$AsyncMessageProcessingConsumer [rabbit-simple-11] Consumer raised exception, processing can restart if the connection factory supports it. Exception summary: org.springframework.amqp.AmqpConnectException: java.net.ConnectException: Connection refused: no further information
2025-09-20 16:13:42,027 INFO o.s.a.r.l.SimpleMessageListenerContainer$AsyncMessageProcessingConsumer [rabbit-simple-11] Restarting Consumer@16c0b5b2: tags=[[]], channel=null, acknowledgeMode=AUTO local queue size=0
2025-09-20 16:13:42,029 INFO o.s.a.r.c.AbstractConnectionFactory [rabbit-simple-12] Attempting to connect to: [localhost:5672]
2025-09-20 16:13:42,058 ERROR o.s.a.r.l.AbstractMessageListenerContainer [rabbit-simple-12] Failed to check/redeclare auto-delete queue(s).
2025-09-20 16:13:42,059 INFO o.s.a.r.c.AbstractConnectionFactory [rabbit-simple-12] Attempting to connect to: [localhost:5672]
2025-09-20 16:13:47,211 WARN o.s.a.r.l.SimpleMessageListenerContainer$AsyncMessageProcessingConsumer [rabbit-simple-12] Consumer raised exception, processing can restart if the connection factory supports it. Exception summary: org.springframework.amqp.AmqpConnectException: java.net.ConnectException: Connection refused: no further information
2025-09-20 16:13:47,212 INFO o.s.a.r.l.SimpleMessageListenerContainer$AsyncMessageProcessingConsumer [rabbit-simple-12] Restarting Consumer@3966713b: tags=[[]], channel=null, acknowledgeMode=AUTO local queue size=0
2025-09-20 16:13:47,213 INFO o.s.a.r.c.AbstractConnectionFactory [rabbit-simple-13] Attempting to connect to: [localhost:5672]
2025-09-20 16:13:47,215 ERROR o.s.a.r.l.AbstractMessageListenerContainer [rabbit-simple-13] Failed to check/redeclare auto-delete queue(s).
2025-09-20 16:13:47,216 INFO o.s.a.r.c.AbstractConnectionFactory [rabbit-simple-13] Attempting to connect to: [localhost:5672]
2025-09-20 16:13:51,337 INFO o.a.j.l.DirectJDKLog [tomcat-handler-0] Initializing Spring DispatcherServlet 'dispatcherServlet'
2025-09-20 16:13:51,338 INFO o.s.w.s.FrameworkServlet [tomcat-handler-0] Initializing Servlet 'dispatcherServlet'
2025-09-20 16:13:51,341 INFO o.s.w.s.FrameworkServlet [tomcat-handler-0] Completed initialization in 3 ms
2025-09-20 16:13:51,670 INFO c.e.a.i.UserResourceAdapterIn [tomcat-handler-0] Creating user: User{id=null, document='80747982082', name='Kenneth de Oliveira Soares', email='kennetholiveira2015@gmail.com', address=Address{id=null, street='null', city='null', state='null', postalCode='58051020'}}
2025-09-20 16:13:51,674 INFO c.e.a.o.CreateUserAdapterOut [tomcat-handler-0] Sending request to User Management Service to create user: User{id=null, document='80747982082', name='Kenneth de Oliveira Soares', email='kennetholiveira2015@gmail.com', address=Address{id=null, street='null', city='null', state='null', postalCode='58051020'}}
2025-09-20 16:13:52,392 WARN o.s.a.r.l.SimpleMessageListenerContainer$AsyncMessageProcessingConsumer [rabbit-simple-13] Consumer raised exception, processing can restart if the connection factory supports it. Exception summary: org.springframework.amqp.AmqpConnectException: java.net.ConnectException: Connection refused: no further information
2025-09-20 16:13:52,393 INFO o.s.a.r.l.SimpleMessageListenerContainer$AsyncMessageProcessingConsumer [rabbit-simple-13] Restarting Consumer@13c206d1: tags=[[]], channel=null, acknowledgeMode=AUTO local queue size=0
2025-09-20 16:13:52,394 INFO o.s.a.r.c.AbstractConnectionFactory [rabbit-simple-14] Attempting to connect to: [localhost:5672]
2025-09-20 16:13:52,399 ERROR o.s.a.r.l.AbstractMessageListenerContainer [rabbit-simple-14] Failed to check/redeclare auto-delete queue(s).
2025-09-20 16:13:52,400 INFO o.s.a.r.c.AbstractConnectionFactory [rabbit-simple-14] Attempting to connect to: [localhost:5672]
2025-09-20 16:13:54,227 INFO c.e.a.o.CreateUserAdapterOut [tomcat-handler-0] Created user in User Management Service: UserResponse(document=80747982082, name=Kenneth de Oliveira Soares, email=kennetholiveira2015@gmail.com, userAddressResponse=UserAddressResponse(street=Rua Hermelinda Henriques de Araújo, city=João Pessoa, state=PB, postalCode=58051-020))
2025-09-20 16:13:56,972 INFO c.e.a.i.UserResourceAdapterIn [tomcat-handler-0] Created user: User{id=null, document='80747982082', name='Kenneth de Oliveira Soares', email='kennetholiveira2015@gmail.com', address=Address{id=null, street='null', city='null', state='null', postalCode='58051020'}}
2025-09-20 16:13:57,611 WARN o.s.a.r.l.SimpleMessageListenerContainer$AsyncMessageProcessingConsumer [rabbit-simple-14] Consumer raised exception, processing can restart if the connection factory supports it. Exception summary: org.springframework.amqp.AmqpConnectException: java.net.ConnectException: Connection refused: no further information
2025-09-20 16:13:57,611 INFO o.s.a.r.l.SimpleMessageListenerContainer$AsyncMessageProcessingConsumer [rabbit-simple-14] Restarting Consumer@47724775: tags=[[]], channel=null, acknowledgeMode=AUTO local queue size=0
2025-09-20 16:13:57,613 INFO o.s.a.r.c.AbstractConnectionFactory [rabbit-simple-15] Attempting to connect to: [localhost:5672]
2025-09-20 16:13:57,615 ERROR o.s.a.r.l.AbstractMessageListenerContainer [rabbit-simple-15] Failed to check/redeclare auto-delete queue(s).
2025-09-20 16:13:57,616 INFO o.s.a.r.c.AbstractConnectionFactory [rabbit-simple-15] Attempting to connect to: [localhost:5672]
2025-09-20 16:14:02,805 WARN o.s.a.r.l.SimpleMessageListenerContainer$AsyncMessageProcessingConsumer [rabbit-simple-15] Consumer raised exception, processing can restart if the connection factory supports it. Exception summary: org.springframework.amqp.AmqpConnectException: java.net.ConnectException: Connection refused: no further information
2025-09-20 16:14:02,805 INFO o.s.a.r.l.SimpleMessageListenerContainer$AsyncMessageProcessingConsumer [rabbit-simple-15] Restarting Consumer@364a506b: tags=[[]], channel=null, acknowledgeMode=AUTO local queue size=0
2025-09-20 16:14:02,808 INFO o.s.a.r.c.AbstractConnectionFactory [rabbit-simple-16] Attempting to connect to: [localhost:5672]
2025-09-20 16:14:02,809 ERROR o.s.a.r.l.AbstractMessageListenerContainer [rabbit-simple-16] Failed to check/redeclare auto-delete queue(s).
2025-09-20 16:14:02,809 INFO o.s.a.r.c.AbstractConnectionFactory [rabbit-simple-16] Attempting to connect to: [localhost:5672]
2025-09-20 16:14:07,938 WARN o.s.a.r.l.SimpleMessageListenerContainer$AsyncMessageProcessingConsumer [rabbit-simple-16] Consumer raised exception, processing can restart if the connection factory supports it. Exception summary: org.springframework.amqp.AmqpConnectException: java.net.ConnectException: Connection refused: no further information
2025-09-20 16:14:07,938 INFO o.s.a.r.l.SimpleMessageListenerContainer$AsyncMessageProcessingConsumer [rabbit-simple-16] Restarting Consumer@190500f0: tags=[[]], channel=null, acknowledgeMode=AUTO local queue size=0
2025-09-20 16:14:07,940 INFO o.s.a.r.c.AbstractConnectionFactory [rabbit-simple-17] Attempting to connect to: [localhost:5672]
2025-09-20 16:14:07,970 ERROR o.s.a.r.l.AbstractMessageListenerContainer [rabbit-simple-17] Failed to check/redeclare auto-delete queue(s).
2025-09-20 16:14:07,970 INFO o.s.a.r.c.AbstractConnectionFactory [rabbit-simple-17] Attempting to connect to: [localhost:5672]
2025-09-20 16:14:13,112 WARN o.s.a.r.l.SimpleMessageListenerContainer$AsyncMessageProcessingConsumer [rabbit-simple-17] Consumer raised exception, processing can restart if the connection factory supports it. Exception summary: org.springframework.amqp.AmqpConnectException: java.net.ConnectException: Connection refused: no further information
2025-09-20 16:14:13,113 INFO o.s.a.r.l.SimpleMessageListenerContainer$AsyncMessageProcessingConsumer [rabbit-simple-17] Restarting Consumer@62a17b9d: tags=[[]], channel=null, acknowledgeMode=AUTO local queue size=0
2025-09-20 16:14:13,114 INFO o.s.a.r.c.AbstractConnectionFactory [rabbit-simple-18] Attempting to connect to: [localhost:5672]
2025-09-20 16:14:13,117 ERROR o.s.a.r.l.AbstractMessageListenerContainer [rabbit-simple-18] Failed to check/redeclare auto-delete queue(s).
2025-09-20 16:14:13,117 INFO o.s.a.r.c.AbstractConnectionFactory [rabbit-simple-18] Attempting to connect to: [localhost:5672]
2025-09-20 16:14:18,290 WARN o.s.a.r.l.SimpleMessageListenerContainer$AsyncMessageProcessingConsumer [rabbit-simple-18] Consumer raised exception, processing can restart if the connection factory supports it. Exception summary: org.springframework.amqp.AmqpConnectException: java.net.ConnectException: Connection refused: no further information
2025-09-20 16:14:18,290 INFO o.s.a.r.l.SimpleMessageListenerContainer$AsyncMessageProcessingConsumer [rabbit-simple-18] Restarting Consumer@3b608f69: tags=[[]], channel=null, acknowledgeMode=AUTO local queue size=0
2025-09-20 16:14:18,292 INFO o.s.a.r.c.AbstractConnectionFactory [rabbit-simple-19] Attempting to connect to: [localhost:5672]
2025-09-20 16:14:18,293 ERROR o.s.a.r.l.AbstractMessageListenerContainer [rabbit-simple-19] Failed to check/redeclare auto-delete queue(s).
2025-09-20 16:14:18,294 INFO o.s.a.r.c.AbstractConnectionFactory [rabbit-simple-19] Attempting to connect to: [localhost:5672]
2025-09-20 16:14:23,473 WARN o.s.a.r.l.SimpleMessageListenerContainer$AsyncMessageProcessingConsumer [rabbit-simple-19] Consumer raised exception, processing can restart if the connection factory supports it. Exception summary: org.springframework.amqp.AmqpConnectException: java.net.ConnectException: Connection refused: no further information
2025-09-20 16:14:23,473 INFO o.s.a.r.l.SimpleMessageListenerContainer$AsyncMessageProcessingConsumer [rabbit-simple-19] Restarting Consumer@38af2223: tags=[[]], channel=null, acknowledgeMode=AUTO local queue size=0
2025-09-20 16:14:23,475 INFO o.s.a.r.c.AbstractConnectionFactory [rabbit-simple-20] Attempting to connect to: [localhost:5672]
2025-09-20 16:14:23,504 ERROR o.s.a.r.l.AbstractMessageListenerContainer [rabbit-simple-20] Failed to check/redeclare auto-delete queue(s).
2025-09-20 16:14:23,504 INFO o.s.a.r.c.AbstractConnectionFactory [rabbit-simple-20] Attempting to connect to: [localhost:5672]
2025-09-20 16:14:28,720 WARN o.s.a.r.l.SimpleMessageListenerContainer$AsyncMessageProcessingConsumer [rabbit-simple-20] Consumer raised exception, processing can restart if the connection factory supports it. Exception summary: org.springframework.amqp.AmqpConnectException: java.net.ConnectException: Connection refused: no further information
2025-09-20 16:14:28,721 INFO o.s.a.r.l.SimpleMessageListenerContainer$AsyncMessageProcessingConsumer [rabbit-simple-20] Restarting Consumer@2e4e6454: tags=[[]], channel=null, acknowledgeMode=AUTO local queue size=0
2025-09-20 16:14:28,722 INFO o.s.a.r.c.AbstractConnectionFactory [rabbit-simple-21] Attempting to connect to: [localhost:5672]
2025-09-20 16:14:28,725 ERROR o.s.a.r.l.AbstractMessageListenerContainer [rabbit-simple-21] Failed to check/redeclare auto-delete queue(s).
2025-09-20 16:14:28,725 INFO o.s.a.r.c.AbstractConnectionFactory [rabbit-simple-21] Attempting to connect to: [localhost:5672]
2025-09-20 16:14:33,854 WARN o.s.a.r.l.SimpleMessageListenerContainer$AsyncMessageProcessingConsumer [rabbit-simple-21] Consumer raised exception, processing can restart if the connection factory supports it. Exception summary: org.springframework.amqp.AmqpConnectException: java.net.ConnectException: Connection refused: no further information
2025-09-20 16:14:33,854 INFO o.s.a.r.l.SimpleMessageListenerContainer$AsyncMessageProcessingConsumer [rabbit-simple-21] Restarting Consumer@5c566a53: tags=[[]], channel=null, acknowledgeMode=AUTO local queue size=0
2025-09-20 16:14:33,855 INFO o.s.a.r.c.AbstractConnectionFactory [rabbit-simple-22] Attempting to connect to: [localhost:5672]
2025-09-20 16:14:33,858 ERROR o.s.a.r.l.AbstractMessageListenerContainer [rabbit-simple-22] Failed to check/redeclare auto-delete queue(s).
2025-09-20 16:14:33,858 INFO o.s.a.r.c.AbstractConnectionFactory [rabbit-simple-22] Attempting to connect to: [localhost:5672]
2025-09-20 16:14:38,995 WARN o.s.a.r.l.SimpleMessageListenerContainer$AsyncMessageProcessingConsumer [rabbit-simple-22] Consumer raised exception, processing can restart if the connection factory supports it. Exception summary: org.springframework.amqp.AmqpConnectException: java.net.ConnectException: Connection refused: no further information
2025-09-20 16:14:38,995 INFO o.s.a.r.l.SimpleMessageListenerContainer$AsyncMessageProcessingConsumer [rabbit-simple-22] Restarting Consumer@4385b556: tags=[[]], channel=null, acknowledgeMode=AUTO local queue size=0
2025-09-20 16:14:38,996 INFO o.s.a.r.c.AbstractConnectionFactory [rabbit-simple-23] Attempting to connect to: [localhost:5672]
2025-09-20 16:14:39,011 ERROR o.s.a.r.l.AbstractMessageListenerContainer [rabbit-simple-23] Failed to check/redeclare auto-delete queue(s).
2025-09-20 16:14:39,011 INFO o.s.a.r.c.AbstractConnectionFactory [rabbit-simple-23] Attempting to connect to: [localhost:5672]
2025-09-20 16:14:44,120 WARN o.s.a.r.l.SimpleMessageListenerContainer$AsyncMessageProcessingConsumer [rabbit-simple-23] Consumer raised exception, processing can restart if the connection factory supports it. Exception summary: org.springframework.amqp.AmqpConnectException: java.net.ConnectException: Connection refused: no further information
2025-09-20 16:14:44,120 INFO o.s.a.r.l.SimpleMessageListenerContainer$AsyncMessageProcessingConsumer [rabbit-simple-23] Restarting Consumer@266aea67: tags=[[]], channel=null, acknowledgeMode=AUTO local queue size=0
2025-09-20 16:14:44,121 INFO o.s.a.r.c.AbstractConnectionFactory [rabbit-simple-24] Attempting to connect to: [localhost:5672]
2025-09-20 16:14:44,124 ERROR o.s.a.r.l.AbstractMessageListenerContainer [rabbit-simple-24] Failed to check/redeclare auto-delete queue(s).
2025-09-20 16:14:44,124 INFO o.s.a.r.c.AbstractConnectionFactory [rabbit-simple-24] Attempting to connect to: [localhost:5672]
2025-09-20 16:14:49,288 WARN o.s.a.r.l.SimpleMessageListenerContainer$AsyncMessageProcessingConsumer [rabbit-simple-24] Consumer raised exception, processing can restart if the connection factory supports it. Exception summary: org.springframework.amqp.AmqpConnectException: java.net.ConnectException: Connection refused: no further information
2025-09-20 16:14:49,288 INFO o.s.a.r.l.SimpleMessageListenerContainer$AsyncMessageProcessingConsumer [rabbit-simple-24] Restarting Consumer@d116e1e: tags=[[]], channel=null, acknowledgeMode=AUTO local queue size=0
2025-09-20 16:14:49,291 INFO o.s.a.r.c.AbstractConnectionFactory [rabbit-simple-25] Attempting to connect to: [localhost:5672]
2025-09-20 16:14:49,304 ERROR o.s.a.r.l.AbstractMessageListenerContainer [rabbit-simple-25] Failed to check/redeclare auto-delete queue(s).
2025-09-20 16:14:49,304 INFO o.s.a.r.c.AbstractConnectionFactory [rabbit-simple-25] Attempting to connect to: [localhost:5672]
2025-09-20 16:14:54,421 WARN o.s.a.r.l.SimpleMessageListenerContainer$AsyncMessageProcessingConsumer [rabbit-simple-25] Consumer raised exception, processing can restart if the connection factory supports it. Exception summary: org.springframework.amqp.AmqpConnectException: java.net.ConnectException: Connection refused: no further information
2025-09-20 16:14:54,421 INFO o.s.a.r.l.SimpleMessageListenerContainer$AsyncMessageProcessingConsumer [rabbit-simple-25] Restarting Consumer@16e35df8: tags=[[]], channel=null, acknowledgeMode=AUTO local queue size=0
2025-09-20 16:14:54,423 INFO o.s.a.r.c.AbstractConnectionFactory [rabbit-simple-26] Attempting to connect to: [localhost:5672]
2025-09-20 16:14:54,453 ERROR o.s.a.r.l.AbstractMessageListenerContainer [rabbit-simple-26] Failed to check/redeclare auto-delete queue(s).
2025-09-20 16:14:54,454 INFO o.s.a.r.c.AbstractConnectionFactory [rabbit-simple-26] Attempting to connect to: [localhost:5672]
2025-09-20 16:14:59,601 WARN o.s.a.r.l.SimpleMessageListenerContainer$AsyncMessageProcessingConsumer [rabbit-simple-26] Consumer raised exception, processing can restart if the connection factory supports it. Exception summary: org.springframework.amqp.AmqpConnectException: java.net.ConnectException: Connection refused: no further information
2025-09-20 16:14:59,601 INFO o.s.a.r.l.SimpleMessageListenerContainer$AsyncMessageProcessingConsumer [rabbit-simple-26] Restarting Consumer@5dfe6d7e: tags=[[]], channel=null, acknowledgeMode=AUTO local queue size=0
2025-09-20 16:14:59,603 INFO o.s.a.r.c.AbstractConnectionFactory [rabbit-simple-27] Attempting to connect to: [localhost:5672]
2025-09-20 16:14:59,617 ERROR o.s.a.r.l.AbstractMessageListenerContainer [rabbit-simple-27] Failed to check/redeclare auto-delete queue(s).
2025-09-20 16:14:59,617 INFO o.s.a.r.c.AbstractConnectionFactory [rabbit-simple-27] Attempting to connect to: [localhost:5672]
2025-09-20 16:15:04,770 WARN o.s.a.r.l.SimpleMessageListenerContainer$AsyncMessageProcessingConsumer [rabbit-simple-27] Consumer raised exception, processing can restart if the connection factory supports it. Exception summary: org.springframework.amqp.AmqpConnectException: java.net.ConnectException: Connection refused: no further information
2025-09-20 16:15:04,770 INFO o.s.a.r.l.SimpleMessageListenerContainer$AsyncMessageProcessingConsumer [rabbit-simple-27] Restarting Consumer@36a96f75: tags=[[]], channel=null, acknowledgeMode=AUTO local queue size=0
2025-09-20 16:15:04,771 INFO o.s.a.r.c.AbstractConnectionFactory [rabbit-simple-28] Attempting to connect to: [localhost:5672]
2025-09-20 16:15:04,773 ERROR o.s.a.r.l.AbstractMessageListenerContainer [rabbit-simple-28] Failed to check/redeclare auto-delete queue(s).
2025-09-20 16:15:04,773 INFO o.s.a.r.c.AbstractConnectionFactory [rabbit-simple-28] Attempting to connect to: [localhost:5672]
2025-09-20 16:15:09,911 WARN o.s.a.r.l.SimpleMessageListenerContainer$AsyncMessageProcessingConsumer [rabbit-simple-28] Consumer raised exception, processing can restart if the connection factory supports it. Exception summary: org.springframework.amqp.AmqpConnectException: java.net.ConnectException: Connection refused: no further information
2025-09-20 16:15:09,912 INFO o.s.a.r.l.SimpleMessageListenerContainer$AsyncMessageProcessingConsumer [rabbit-simple-28] Restarting Consumer@6ae26e07: tags=[[]], channel=null, acknowledgeMode=AUTO local queue size=0
2025-09-20 16:15:09,913 INFO o.s.a.r.c.AbstractConnectionFactory [rabbit-simple-29] Attempting to connect to: [localhost:5672]
2025-09-20 16:15:09,926 ERROR o.s.a.r.l.AbstractMessageListenerContainer [rabbit-simple-29] Failed to check/redeclare auto-delete queue(s).
2025-09-20 16:15:09,928 INFO o.s.a.r.c.AbstractConnectionFactory [rabbit-simple-29] Attempting to connect to: [localhost:5672]
2025-09-20 16:15:15,023 WARN o.s.a.r.l.SimpleMessageListenerContainer$AsyncMessageProcessingConsumer [rabbit-simple-29] Consumer raised exception, processing can restart if the connection factory supports it. Exception summary: org.springframework.amqp.AmqpConnectException: java.net.ConnectException: Connection refused: no further information
2025-09-20 16:15:15,023 INFO o.s.a.r.l.SimpleMessageListenerContainer$AsyncMessageProcessingConsumer [rabbit-simple-29] Restarting Consumer@76c887b4: tags=[[]], channel=null, acknowledgeMode=AUTO local queue size=0
2025-09-20 16:15:15,025 INFO o.s.a.r.c.AbstractConnectionFactory [rabbit-simple-30] Attempting to connect to: [localhost:5672]
2025-09-20 16:15:15,028 ERROR o.s.a.r.l.AbstractMessageListenerContainer [rabbit-simple-30] Failed to check/redeclare auto-delete queue(s).
2025-09-20 16:15:15,029 INFO o.s.a.r.c.AbstractConnectionFactory [rabbit-simple-30] Attempting to connect to: [localhost:5672]
2025-09-20 16:15:20,164 WARN o.s.a.r.l.SimpleMessageListenerContainer$AsyncMessageProcessingConsumer [rabbit-simple-30] Consumer raised exception, processing can restart if the connection factory supports it. Exception summary: org.springframework.amqp.AmqpConnectException: java.net.ConnectException: Connection refused: no further information
2025-09-20 16:15:20,164 INFO o.s.a.r.l.SimpleMessageListenerContainer$AsyncMessageProcessingConsumer [rabbit-simple-30] Restarting Consumer@56b4dc6f: tags=[[]], channel=null, acknowledgeMode=AUTO local queue size=0
2025-09-20 16:15:20,165 INFO o.s.a.r.c.AbstractConnectionFactory [rabbit-simple-31] Attempting to connect to: [localhost:5672]
2025-09-20 16:15:20,167 ERROR o.s.a.r.l.AbstractMessageListenerContainer [rabbit-simple-31] Failed to check/redeclare auto-delete queue(s).
2025-09-20 16:15:20,168 INFO o.s.a.r.c.AbstractConnectionFactory [rabbit-simple-31] Attempting to connect to: [localhost:5672]
2025-09-20 16:15:25,198 WARN o.s.a.r.l.SimpleMessageListenerContainer$AsyncMessageProcessingConsumer [rabbit-simple-31] Consumer raised exception, processing can restart if the connection factory supports it. Exception summary: org.springframework.amqp.AmqpConnectException: java.net.ConnectException: Connection refused: no further information
2025-09-20 16:15:25,198 INFO o.s.a.r.l.SimpleMessageListenerContainer$AsyncMessageProcessingConsumer [rabbit-simple-31] Restarting Consumer@50f677cf: tags=[[]], channel=null, acknowledgeMode=AUTO local queue size=0
2025-09-20 16:15:25,200 INFO o.s.a.r.c.AbstractConnectionFactory [rabbit-simple-32] Attempting to connect to: [localhost:5672]
2025-09-20 16:15:25,230 ERROR o.s.a.r.l.AbstractMessageListenerContainer [rabbit-simple-32] Failed to check/redeclare auto-delete queue(s).
2025-09-20 16:15:25,231 INFO o.s.a.r.c.AbstractConnectionFactory [rabbit-simple-32] Attempting to connect to: [localhost:5672]
2025-09-20 16:15:30,414 WARN o.s.a.r.l.SimpleMessageListenerContainer$AsyncMessageProcessingConsumer [rabbit-simple-32] Consumer raised exception, processing can restart if the connection factory supports it. Exception summary: org.springframework.amqp.AmqpConnectException: java.net.ConnectException: Connection refused: no further information
2025-09-20 16:15:30,414 INFO o.s.a.r.l.SimpleMessageListenerContainer$AsyncMessageProcessingConsumer [rabbit-simple-32] Restarting Consumer@2d0e67dd: tags=[[]], channel=null, acknowledgeMode=AUTO local queue size=0
2025-09-20 16:15:30,415 INFO o.s.a.r.c.AbstractConnectionFactory [rabbit-simple-33] Attempting to connect to: [localhost:5672]
2025-09-20 16:15:30,444 ERROR o.s.a.r.l.AbstractMessageListenerContainer [rabbit-simple-33] Failed to check/redeclare auto-delete queue(s).
2025-09-20 16:15:30,444 INFO o.s.a.r.c.AbstractConnectionFactory [rabbit-simple-33] Attempting to connect to: [localhost:5672]
2025-09-20 16:15:35,562 WARN o.s.a.r.l.SimpleMessageListenerContainer$AsyncMessageProcessingConsumer [rabbit-simple-33] Consumer raised exception, processing can restart if the connection factory supports it. Exception summary: org.springframework.amqp.AmqpConnectException: java.net.ConnectException: Connection refused: no further information
2025-09-20 16:15:35,563 INFO o.s.a.r.l.SimpleMessageListenerContainer$AsyncMessageProcessingConsumer [rabbit-simple-33] Restarting Consumer@4454082a: tags=[[]], channel=null, acknowledgeMode=AUTO local queue size=0
2025-09-20 16:15:35,564 INFO o.s.a.r.c.AbstractConnectionFactory [rabbit-simple-34] Attempting to connect to: [localhost:5672]
2025-09-20 16:15:35,567 ERROR o.s.a.r.l.AbstractMessageListenerContainer [rabbit-simple-34] Failed to check/redeclare auto-delete queue(s).
2025-09-20 16:15:35,567 INFO o.s.a.r.c.AbstractConnectionFactory [rabbit-simple-34] Attempting to connect to: [localhost:5672]
2025-09-20 16:15:35,685 INFO o.s.a.r.l.SimpleMessageListenerContainer [rabbit-simple-35] Waiting for workers to finish.
2025-09-20 16:15:35,685 INFO o.s.a.r.l.SimpleMessageListenerContainer [rabbit-simple-35] Successfully waited for workers to finish.
2025-09-20 16:15:35,712 INFO o.s.o.j.AbstractEntityManagerFactoryBean [SpringApplicationShutdownHook] Closing JPA EntityManagerFactory for persistence unit 'default'
2025-09-20 16:15:35,722 INFO c.z.h.HikariDataSource [SpringApplicationShutdownHook] HikariPool-1 - Shutdown initiated...
2025-09-20 16:15:35,729 INFO c.z.h.HikariDataSource [SpringApplicationShutdownHook] HikariPool-1 - Shutdown completed.
2025-09-20 16:15:51,690 INFO o.h.v.i.u.Version [background-preinit] HV000001: Hibernate Validator 8.0.1.Final
2025-09-20 16:15:51,834 INFO o.s.b.StartupInfoLogger [main] Starting Bootstrap using Java 21 with PID 43840 (C:\Users\koliveiras\workspace-study\ms-reservation-inventory\target\classes started by koliveiras in C:\Users\koliveiras\workspace-study\ms-reservation-inventory)
2025-09-20 16:15:51,836 DEBUG o.s.b.StartupInfoLogger [main] Running with Spring Boot v3.3.5, Spring v6.1.14
2025-09-20 16:15:51,838 INFO o.s.b.SpringApplication [main] The following 1 profile is active: "dev"
2025-09-20 16:15:54,924 INFO o.s.d.r.c.RepositoryConfigurationDelegate [main] Bootstrapping Spring Data JPA repositories in DEFAULT mode.
2025-09-20 16:15:55,432 INFO o.s.d.r.c.RepositoryConfigurationDelegate [main] Finished Spring Data repository scanning in 493 ms. Found 2 JPA repository interfaces.
2025-09-20 16:15:56,260 INFO o.s.c.c.s.GenericScope [main] BeanFactory id=a8a0d036-9d50-3b46-8703-5cd352c509c5
2025-09-20 16:15:57,563 INFO o.s.b.w.e.t.TomcatWebServer [main] Tomcat initialized with port 8081 (http)
2025-09-20 16:15:57,579 INFO o.a.j.l.DirectJDKLog [main] Initializing ProtocolHandler ["http-nio-8081"]
2025-09-20 16:15:57,585 INFO o.a.j.l.DirectJDKLog [main] Starting service [Tomcat]
2025-09-20 16:15:57,585 INFO o.a.j.l.DirectJDKLog [main] Starting Servlet engine: [Apache Tomcat/10.1.31]
2025-09-20 16:15:57,738 INFO o.a.j.l.DirectJDKLog [main] Initializing Spring embedded WebApplicationContext
2025-09-20 16:15:57,741 INFO o.s.b.w.s.c.ServletWebServerApplicationContext [main] Root WebApplicationContext: initialization completed in 5765 ms
2025-09-20 16:15:57,839 INFO c.z.h.HikariDataSource [main] HikariPool-1 - Starting...
2025-09-20 16:15:58,416 INFO c.z.h.p.HikariPool [main] HikariPool-1 - Added connection conn0: url=jdbc:h2:mem:testdb user=SA
2025-09-20 16:15:58,421 INFO c.z.h.HikariDataSource [main] HikariPool-1 - Start completed.
2025-09-20 16:15:58,447 INFO o.s.b.a.h.H2ConsoleAutoConfiguration [main] H2 console available at '/h2-console'. Database available at 'jdbc:h2:mem:testdb'
2025-09-20 16:15:59,291 INFO o.h.j.i.u.LogHelper [main] HHH000204: Processing PersistenceUnitInfo [name: default]
2025-09-20 16:15:59,740 INFO o.h.Version [main] HHH000412: Hibernate ORM core version 6.5.3.Final
2025-09-20 16:16:00,220 INFO o.h.c.i.RegionFactoryInitiator [main] HHH000026: Second-level cache disabled
2025-09-20 16:16:01,405 INFO o.s.o.j.p.SpringPersistenceUnitInfo [main] No LoadTimeWeaver setup: ignoring JPA class transformer
2025-09-20 16:16:01,613 WARN o.h.e.j.d.i.DialectFactoryImpl [main] HHH90000025: H2Dialect does not need to be specified explicitly using 'hibernate.dialect' (remove the property setting and it will be selected by default)
2025-09-20 16:16:03,410 INFO o.h.e.t.j.p.i.JtaPlatformInitiator [main] HHH000489: No JTA platform available (set 'hibernate.transaction.jta.platform' to enable JTA platform integration)
2025-09-20 16:16:03,484 INFO o.s.o.j.AbstractEntityManagerFactoryBean [main] Initialized JPA EntityManagerFactory for persistence unit 'default'
2025-09-20 16:16:04,274 WARN o.s.b.a.o.j.JpaBaseConfiguration$JpaWebConfiguration [main] spring.jpa.open-in-view is enabled by default. Therefore, database queries may be performed during view rendering. Explicitly configure spring.jpa.open-in-view to disable this warning
2025-09-20 16:16:05,341 INFO o.s.d.j.r.q.QueryEnhancerFactory [main] Hibernate is in classpath; If applicable, HQL parser will be used.
2025-09-20 16:16:08,307 INFO o.s.g.e.DefaultSchemaResourceGraphQlSourceBuilder [main] Loaded 1 resource(s) in the GraphQL schema.
2025-09-20 16:16:08,787 INFO o.s.g.e.DefaultSchemaResourceGraphQlSourceBuilder [main] GraphQL schema inspection:
	Unmapped fields: {Query=[_empty]}
	Unmapped registrations: {}
	Unmapped arguments: {}
	Skipped types: []
2025-09-20 16:16:08,855 INFO o.s.b.a.g.s.GraphQlWebMvcAutoConfiguration [main] GraphQL endpoint HTTP POST /graphql
2025-09-20 16:16:09,711 INFO o.a.j.l.DirectJDKLog [main] Starting ProtocolHandler ["http-nio-8081"]
2025-09-20 16:16:09,810 INFO o.s.b.w.e.t.TomcatWebServer [main] Tomcat started on port 8081 (http) with context path '/'
2025-09-20 16:16:09,839 INFO o.s.a.r.c.AbstractConnectionFactory [main] Attempting to connect to: [localhost:5672]
2025-09-20 16:16:09,876 INFO o.s.a.r.l.AbstractMessageListenerContainer [main] Broker not available; cannot force queue declarations during start: java.net.ConnectException: Connection refused: no further information
2025-09-20 16:16:09,905 INFO o.s.a.r.c.AbstractConnectionFactory [rabbit-simple-0] Attempting to connect to: [localhost:5672]
2025-09-20 16:16:09,910 ERROR o.s.a.r.l.AbstractMessageListenerContainer [rabbit-simple-0] Failed to check/redeclare auto-delete queue(s).
org.springframework.amqp.AmqpConnectException: java.net.ConnectException: Connection refused: no further information
	at org.springframework.amqp.rabbit.support.RabbitExceptionTranslator.convertRabbitAccessException(RabbitExceptionTranslator.java:61)
	at org.springframework.amqp.rabbit.connection.AbstractConnectionFactory.createBareConnection(AbstractConnectionFactory.java:622)
	at org.springframework.amqp.rabbit.connection.CachingConnectionFactory.createConnection(CachingConnectionFactory.java:726)
	at org.springframework.amqp.rabbit.connection.ConnectionFactoryUtils.createConnection(ConnectionFactoryUtils.java:257)
	at org.springframework.amqp.rabbit.core.RabbitTemplate.doExecute(RabbitTemplate.java:2249)
	at org.springframework.amqp.rabbit.core.RabbitTemplate.execute(RabbitTemplate.java:2222)
	at org.springframework.amqp.rabbit.core.RabbitTemplate.execute(RabbitTemplate.java:2202)
	at org.springframework.amqp.rabbit.core.RabbitAdmin.getQueueInfo(RabbitAdmin.java:467)
	at org.springframework.amqp.rabbit.core.RabbitAdmin.getQueueProperties(RabbitAdmin.java:451)
	at org.springframework.amqp.rabbit.listener.AbstractMessageListenerContainer.attemptDeclarations(AbstractMessageListenerContainer.java:1960)
	at org.springframework.amqp.rabbit.listener.AbstractMessageListenerContainer.redeclareElementsIfNecessary(AbstractMessageListenerContainer.java:1924)
	at org.springframework.amqp.rabbit.listener.SimpleMessageListenerContainer$AsyncMessageProcessingConsumer.initialize(SimpleMessageListenerContainer.java:1479)
	at org.springframework.amqp.rabbit.listener.SimpleMessageListenerContainer$AsyncMessageProcessingConsumer.run(SimpleMessageListenerContainer.java:1320)
	at java.base/java.lang.VirtualThread.run(VirtualThread.java:311)
Caused by: java.net.ConnectException: Connection refused: no further information
	at java.base/sun.nio.ch.Net.pollConnect(Native Method)
	at java.base/sun.nio.ch.Net.pollConnectNow(Net.java:682)
	at java.base/sun.nio.ch.NioSocketImpl.timedFinishConnect(NioSocketImpl.java:542)
	at java.base/sun.nio.ch.NioSocketImpl.connect(NioSocketImpl.java:592)
	at java.base/java.net.SocksSocketImpl.connect(SocksSocketImpl.java:327)
	at java.base/java.net.Socket.connect(Socket.java:751)
	at com.rabbitmq.client.impl.SocketFrameHandlerFactory.create(SocketFrameHandlerFactory.java:61)
	at com.rabbitmq.client.ConnectionFactory.newConnection(ConnectionFactory.java:1249)
	at com.rabbitmq.client.ConnectionFactory.newConnection(ConnectionFactory.java:1198)
	at org.springframework.amqp.rabbit.connection.AbstractConnectionFactory.connectAddresses(AbstractConnectionFactory.java:668)
	at org.springframework.amqp.rabbit.connection.AbstractConnectionFactory.connect(AbstractConnectionFactory.java:637)
	at org.springframework.amqp.rabbit.connection.AbstractConnectionFactory.createBareConnection(AbstractConnectionFactory.java:584)
	... 12 common frames omitted
2025-09-20 16:16:09,924 INFO o.s.a.r.c.AbstractConnectionFactory [rabbit-simple-0] Attempting to connect to: [localhost:5672]
2025-09-20 16:16:09,982 INFO o.s.b.StartupInfoLogger [main] Started Bootstrap in 19.88 seconds (process running for 22.183)
2025-09-20 16:16:15,074 WARN o.s.a.r.l.SimpleMessageListenerContainer$AsyncMessageProcessingConsumer [rabbit-simple-0] Consumer raised exception, processing can restart if the connection factory supports it. Exception summary: org.springframework.amqp.AmqpConnectException: java.net.ConnectException: Connection refused: no further information
2025-09-20 16:16:15,082 INFO o.s.a.r.l.SimpleMessageListenerContainer$AsyncMessageProcessingConsumer [rabbit-simple-0] Restarting Consumer@c2cc406: tags=[[]], channel=null, acknowledgeMode=AUTO local queue size=0
2025-09-20 16:16:15,084 INFO o.s.a.r.c.AbstractConnectionFactory [rabbit-simple-1] Attempting to connect to: [localhost:5672]
2025-09-20 16:16:15,086 ERROR o.s.a.r.l.AbstractMessageListenerContainer [rabbit-simple-1] Failed to check/redeclare auto-delete queue(s).
2025-09-20 16:16:15,087 INFO o.s.a.r.c.AbstractConnectionFactory [rabbit-simple-1] Attempting to connect to: [localhost:5672]
2025-09-20 16:16:17,139 INFO o.a.j.l.DirectJDKLog [tomcat-handler-0] Initializing Spring DispatcherServlet 'dispatcherServlet'
2025-09-20 16:16:17,140 INFO o.s.w.s.FrameworkServlet [tomcat-handler-0] Initializing Servlet 'dispatcherServlet'
2025-09-20 16:16:17,142 INFO o.s.w.s.FrameworkServlet [tomcat-handler-0] Completed initialization in 2 ms
2025-09-20 16:16:17,318 INFO c.e.a.i.UserResourceAdapterIn [tomcat-handler-0] Creating user: User{id=null, document='03545040020', name='Kenneth de Oliveira Soares', email='kennetholiveira2015@gmail.com', address=Address{id=null, street='null', city='null', state='null', postalCode='58051020'}}
2025-09-20 16:16:17,319 INFO c.e.a.o.CreateUserAdapterOut [tomcat-handler-0] Sending request to User Management Service to create user: User{id=null, document='03545040020', name='Kenneth de Oliveira Soares', email='kennetholiveira2015@gmail.com', address=Address{id=null, street='null', city='null', state='null', postalCode='58051020'}}
2025-09-20 16:16:17,739 INFO c.e.a.o.CreateUserAdapterOut [tomcat-handler-0] Created user in User Management Service: UserResponse(document=03545040020, name=Kenneth de Oliveira Soares, email=kennetholiveira2015@gmail.com, userAddressResponse=UserAddressResponse(street=Rua Hermelinda Henriques de Araújo, city=João Pessoa, state=PB, postalCode=58051-020))
2025-09-20 16:16:17,753 INFO c.e.a.i.UserResourceAdapterIn [tomcat-handler-0] Created user: User{id=null, document='03545040020', name='Kenneth de Oliveira Soares', email='kennetholiveira2015@gmail.com', address=Address{id=null, street='null', city='null', state='null', postalCode='58051020'}}
2025-09-20 16:16:20,101 WARN o.s.a.r.l.SimpleMessageListenerContainer$AsyncMessageProcessingConsumer [rabbit-simple-1] Consumer raised exception, processing can restart if the connection factory supports it. Exception summary: org.springframework.amqp.AmqpConnectException: java.net.ConnectException: Connection refused: no further information
2025-09-20 16:16:20,102 INFO o.s.a.r.l.SimpleMessageListenerContainer$AsyncMessageProcessingConsumer [rabbit-simple-1] Restarting Consumer@1e95603: tags=[[]], channel=null, acknowledgeMode=AUTO local queue size=0
2025-09-20 16:16:20,104 INFO o.s.a.r.c.AbstractConnectionFactory [rabbit-simple-2] Attempting to connect to: [localhost:5672]
2025-09-20 16:16:20,130 ERROR o.s.a.r.l.AbstractMessageListenerContainer [rabbit-simple-2] Failed to check/redeclare auto-delete queue(s).
2025-09-20 16:16:20,130 INFO o.s.a.r.c.AbstractConnectionFactory [rabbit-simple-2] Attempting to connect to: [localhost:5672]
2025-09-20 16:16:25,295 WARN o.s.a.r.l.SimpleMessageListenerContainer$AsyncMessageProcessingConsumer [rabbit-simple-2] Consumer raised exception, processing can restart if the connection factory supports it. Exception summary: org.springframework.amqp.AmqpConnectException: java.net.ConnectException: Connection refused: no further information
2025-09-20 16:16:25,296 INFO o.s.a.r.l.SimpleMessageListenerContainer$AsyncMessageProcessingConsumer [rabbit-simple-2] Restarting Consumer@67405613: tags=[[]], channel=null, acknowledgeMode=AUTO local queue size=0
2025-09-20 16:16:25,297 INFO o.s.a.r.c.AbstractConnectionFactory [rabbit-simple-3] Attempting to connect to: [localhost:5672]
2025-09-20 16:16:25,298 ERROR o.s.a.r.l.AbstractMessageListenerContainer [rabbit-simple-3] Failed to check/redeclare auto-delete queue(s).
2025-09-20 16:16:25,299 INFO o.s.a.r.c.AbstractConnectionFactory [rabbit-simple-3] Attempting to connect to: [localhost:5672]
2025-09-20 16:16:30,481 WARN o.s.a.r.l.SimpleMessageListenerContainer$AsyncMessageProcessingConsumer [rabbit-simple-3] Consumer raised exception, processing can restart if the connection factory supports it. Exception summary: org.springframework.amqp.AmqpConnectException: java.net.ConnectException: Connection refused: no further information
2025-09-20 16:16:30,482 INFO o.s.a.r.l.SimpleMessageListenerContainer$AsyncMessageProcessingConsumer [rabbit-simple-3] Restarting Consumer@53131452: tags=[[]], channel=null, acknowledgeMode=AUTO local queue size=0
2025-09-20 16:16:30,483 INFO o.s.a.r.c.AbstractConnectionFactory [rabbit-simple-4] Attempting to connect to: [localhost:5672]
2025-09-20 16:16:30,497 ERROR o.s.a.r.l.AbstractMessageListenerContainer [rabbit-simple-4] Failed to check/redeclare auto-delete queue(s).
2025-09-20 16:16:30,497 INFO o.s.a.r.c.AbstractConnectionFactory [rabbit-simple-4] Attempting to connect to: [localhost:5672]
2025-09-20 16:16:35,708 WARN o.s.a.r.l.SimpleMessageListenerContainer$AsyncMessageProcessingConsumer [rabbit-simple-4] Consumer raised exception, processing can restart if the connection factory supports it. Exception summary: org.springframework.amqp.AmqpConnectException: java.net.ConnectException: Connection refused: no further information
2025-09-20 16:16:35,709 INFO o.s.a.r.l.SimpleMessageListenerContainer$AsyncMessageProcessingConsumer [rabbit-simple-4] Restarting Consumer@3d4b78fd: tags=[[]], channel=null, acknowledgeMode=AUTO local queue size=0
2025-09-20 16:16:35,710 INFO o.s.a.r.c.AbstractConnectionFactory [rabbit-simple-5] Attempting to connect to: [localhost:5672]
2025-09-20 16:16:35,714 ERROR o.s.a.r.l.AbstractMessageListenerContainer [rabbit-simple-5] Failed to check/redeclare auto-delete queue(s).
2025-09-20 16:16:35,715 INFO o.s.a.r.c.AbstractConnectionFactory [rabbit-simple-5] Attempting to connect to: [localhost:5672]
2025-09-20 16:16:40,893 WARN o.s.a.r.l.SimpleMessageListenerContainer$AsyncMessageProcessingConsumer [rabbit-simple-5] Consumer raised exception, processing can restart if the connection factory supports it. Exception summary: org.springframework.amqp.AmqpConnectException: java.net.ConnectException: Connection refused: no further information
2025-09-20 16:16:40,893 INFO o.s.a.r.l.SimpleMessageListenerContainer$AsyncMessageProcessingConsumer [rabbit-simple-5] Restarting Consumer@6f521789: tags=[[]], channel=null, acknowledgeMode=AUTO local queue size=0
2025-09-20 16:16:40,895 INFO o.s.a.r.c.AbstractConnectionFactory [rabbit-simple-6] Attempting to connect to: [localhost:5672]
2025-09-20 16:16:40,897 ERROR o.s.a.r.l.AbstractMessageListenerContainer [rabbit-simple-6] Failed to check/redeclare auto-delete queue(s).
2025-09-20 16:16:40,897 INFO o.s.a.r.c.AbstractConnectionFactory [rabbit-simple-6] Attempting to connect to: [localhost:5672]
2025-09-20 16:16:46,086 WARN o.s.a.r.l.SimpleMessageListenerContainer$AsyncMessageProcessingConsumer [rabbit-simple-6] Consumer raised exception, processing can restart if the connection factory supports it. Exception summary: org.springframework.amqp.AmqpConnectException: java.net.ConnectException: Connection refused: no further information
2025-09-20 16:16:46,087 INFO o.s.a.r.l.SimpleMessageListenerContainer$AsyncMessageProcessingConsumer [rabbit-simple-6] Restarting Consumer@7a6d402f: tags=[[]], channel=null, acknowledgeMode=AUTO local queue size=0
2025-09-20 16:16:46,089 INFO o.s.a.r.c.AbstractConnectionFactory [rabbit-simple-7] Attempting to connect to: [localhost:5672]
2025-09-20 16:16:46,091 ERROR o.s.a.r.l.AbstractMessageListenerContainer [rabbit-simple-7] Failed to check/redeclare auto-delete queue(s).
2025-09-20 16:16:46,091 INFO o.s.a.r.c.AbstractConnectionFactory [rabbit-simple-7] Attempting to connect to: [localhost:5672]
2025-09-20 16:16:51,302 WARN o.s.a.r.l.SimpleMessageListenerContainer$AsyncMessageProcessingConsumer [rabbit-simple-7] Consumer raised exception, processing can restart if the connection factory supports it. Exception summary: org.springframework.amqp.AmqpConnectException: java.net.ConnectException: Connection refused: no further information
2025-09-20 16:16:51,302 INFO o.s.a.r.l.SimpleMessageListenerContainer$AsyncMessageProcessingConsumer [rabbit-simple-7] Restarting Consumer@14a3e947: tags=[[]], channel=null, acknowledgeMode=AUTO local queue size=0
2025-09-20 16:16:51,303 INFO o.s.a.r.c.AbstractConnectionFactory [rabbit-simple-8] Attempting to connect to: [localhost:5672]
2025-09-20 16:16:51,317 ERROR o.s.a.r.l.AbstractMessageListenerContainer [rabbit-simple-8] Failed to check/redeclare auto-delete queue(s).
2025-09-20 16:16:51,317 INFO o.s.a.r.c.AbstractConnectionFactory [rabbit-simple-8] Attempting to connect to: [localhost:5672]
2025-09-20 16:16:56,484 WARN o.s.a.r.l.SimpleMessageListenerContainer$AsyncMessageProcessingConsumer [rabbit-simple-8] Consumer raised exception, processing can restart if the connection factory supports it. Exception summary: org.springframework.amqp.AmqpConnectException: java.net.ConnectException: Connection refused: no further information
2025-09-20 16:16:56,485 INFO o.s.a.r.l.SimpleMessageListenerContainer$AsyncMessageProcessingConsumer [rabbit-simple-8] Restarting Consumer@5a3e6787: tags=[[]], channel=null, acknowledgeMode=AUTO local queue size=0
2025-09-20 16:16:56,486 INFO o.s.a.r.c.AbstractConnectionFactory [rabbit-simple-9] Attempting to connect to: [localhost:5672]
2025-09-20 16:16:56,515 ERROR o.s.a.r.l.AbstractMessageListenerContainer [rabbit-simple-9] Failed to check/redeclare auto-delete queue(s).
2025-09-20 16:16:56,515 INFO o.s.a.r.c.AbstractConnectionFactory [rabbit-simple-9] Attempting to connect to: [localhost:5672]
2025-09-20 16:17:01,683 WARN o.s.a.r.l.SimpleMessageListenerContainer$AsyncMessageProcessingConsumer [rabbit-simple-9] Consumer raised exception, processing can restart if the connection factory supports it. Exception summary: org.springframework.amqp.AmqpConnectException: java.net.ConnectException: Connection refused: no further information
2025-09-20 16:17:01,684 INFO o.s.a.r.l.SimpleMessageListenerContainer$AsyncMessageProcessingConsumer [rabbit-simple-9] Restarting Consumer@166ecbce: tags=[[]], channel=null, acknowledgeMode=AUTO local queue size=0
2025-09-20 16:17:01,685 INFO o.s.a.r.c.AbstractConnectionFactory [rabbit-simple-10] Attempting to connect to: [localhost:5672]
2025-09-20 16:17:01,714 ERROR o.s.a.r.l.AbstractMessageListenerContainer [rabbit-simple-10] Failed to check/redeclare auto-delete queue(s).
2025-09-20 16:17:01,715 INFO o.s.a.r.c.AbstractConnectionFactory [rabbit-simple-10] Attempting to connect to: [localhost:5672]
2025-09-20 16:17:06,891 WARN o.s.a.r.l.SimpleMessageListenerContainer$AsyncMessageProcessingConsumer [rabbit-simple-10] Consumer raised exception, processing can restart if the connection factory supports it. Exception summary: org.springframework.amqp.AmqpConnectException: java.net.ConnectException: Connection refused: no further information
2025-09-20 16:17:06,891 INFO o.s.a.r.l.SimpleMessageListenerContainer$AsyncMessageProcessingConsumer [rabbit-simple-10] Restarting Consumer@3a7299af: tags=[[]], channel=null, acknowledgeMode=AUTO local queue size=0
2025-09-20 16:17:06,893 INFO o.s.a.r.c.AbstractConnectionFactory [rabbit-simple-11] Attempting to connect to: [localhost:5672]
2025-09-20 16:17:06,896 ERROR o.s.a.r.l.AbstractMessageListenerContainer [rabbit-simple-11] Failed to check/redeclare auto-delete queue(s).
2025-09-20 16:17:06,896 INFO o.s.a.r.c.AbstractConnectionFactory [rabbit-simple-11] Attempting to connect to: [localhost:5672]
2025-09-20 16:17:12,063 WARN o.s.a.r.l.SimpleMessageListenerContainer$AsyncMessageProcessingConsumer [rabbit-simple-11] Consumer raised exception, processing can restart if the connection factory supports it. Exception summary: org.springframework.amqp.AmqpConnectException: java.net.ConnectException: Connection refused: no further information
2025-09-20 16:17:12,064 INFO o.s.a.r.l.SimpleMessageListenerContainer$AsyncMessageProcessingConsumer [rabbit-simple-11] Restarting Consumer@7377eef1: tags=[[]], channel=null, acknowledgeMode=AUTO local queue size=0
2025-09-20 16:17:12,065 INFO o.s.a.r.c.AbstractConnectionFactory [rabbit-simple-12] Attempting to connect to: [localhost:5672]
2025-09-20 16:17:12,080 ERROR o.s.a.r.l.AbstractMessageListenerContainer [rabbit-simple-12] Failed to check/redeclare auto-delete queue(s).
2025-09-20 16:17:12,080 INFO o.s.a.r.c.AbstractConnectionFactory [rabbit-simple-12] Attempting to connect to: [localhost:5672]
2025-09-20 16:17:17,216 WARN o.s.a.r.l.SimpleMessageListenerContainer$AsyncMessageProcessingConsumer [rabbit-simple-12] Consumer raised exception, processing can restart if the connection factory supports it. Exception summary: org.springframework.amqp.AmqpConnectException: java.net.ConnectException: Connection refused: no further information
2025-09-20 16:17:17,217 INFO o.s.a.r.l.SimpleMessageListenerContainer$AsyncMessageProcessingConsumer [rabbit-simple-12] Restarting Consumer@34d2771f: tags=[[]], channel=null, acknowledgeMode=AUTO local queue size=0
2025-09-20 16:17:17,218 INFO o.s.a.r.c.AbstractConnectionFactory [rabbit-simple-13] Attempting to connect to: [localhost:5672]
2025-09-20 16:17:17,221 ERROR o.s.a.r.l.AbstractMessageListenerContainer [rabbit-simple-13] Failed to check/redeclare auto-delete queue(s).
2025-09-20 16:17:17,221 INFO o.s.a.r.c.AbstractConnectionFactory [rabbit-simple-13] Attempting to connect to: [localhost:5672]
2025-09-20 16:17:22,367 WARN o.s.a.r.l.SimpleMessageListenerContainer$AsyncMessageProcessingConsumer [rabbit-simple-13] Consumer raised exception, processing can restart if the connection factory supports it. Exception summary: org.springframework.amqp.AmqpConnectException: java.net.ConnectException: Connection refused: no further information
2025-09-20 16:17:22,368 INFO o.s.a.r.l.SimpleMessageListenerContainer$AsyncMessageProcessingConsumer [rabbit-simple-13] Restarting Consumer@1630b478: tags=[[]], channel=null, acknowledgeMode=AUTO local queue size=0
2025-09-20 16:17:22,369 INFO o.s.a.r.c.AbstractConnectionFactory [rabbit-simple-14] Attempting to connect to: [localhost:5672]
2025-09-20 16:17:22,371 ERROR o.s.a.r.l.AbstractMessageListenerContainer [rabbit-simple-14] Failed to check/redeclare auto-delete queue(s).
2025-09-20 16:17:22,371 INFO o.s.a.r.c.AbstractConnectionFactory [rabbit-simple-14] Attempting to connect to: [localhost:5672]
2025-09-20 16:17:27,517 WARN o.s.a.r.l.SimpleMessageListenerContainer$AsyncMessageProcessingConsumer [rabbit-simple-14] Consumer raised exception, processing can restart if the connection factory supports it. Exception summary: org.springframework.amqp.AmqpConnectException: java.net.ConnectException: Connection refused: no further information
2025-09-20 16:17:27,517 INFO o.s.a.r.l.SimpleMessageListenerContainer$AsyncMessageProcessingConsumer [rabbit-simple-14] Restarting Consumer@46dec577: tags=[[]], channel=null, acknowledgeMode=AUTO local queue size=0
2025-09-20 16:17:27,519 INFO o.s.a.r.c.AbstractConnectionFactory [rabbit-simple-15] Attempting to connect to: [localhost:5672]
2025-09-20 16:17:27,547 ERROR o.s.a.r.l.AbstractMessageListenerContainer [rabbit-simple-15] Failed to check/redeclare auto-delete queue(s).
2025-09-20 16:17:27,548 INFO o.s.a.r.c.AbstractConnectionFactory [rabbit-simple-15] Attempting to connect to: [localhost:5672]
2025-09-20 16:17:32,698 WARN o.s.a.r.l.SimpleMessageListenerContainer$AsyncMessageProcessingConsumer [rabbit-simple-15] Consumer raised exception, processing can restart if the connection factory supports it. Exception summary: org.springframework.amqp.AmqpConnectException: java.net.ConnectException: Connection refused: no further information
2025-09-20 16:17:32,699 INFO o.s.a.r.l.SimpleMessageListenerContainer$AsyncMessageProcessingConsumer [rabbit-simple-15] Restarting Consumer@cbed96d: tags=[[]], channel=null, acknowledgeMode=AUTO local queue size=0
2025-09-20 16:17:32,700 INFO o.s.a.r.c.AbstractConnectionFactory [rabbit-simple-16] Attempting to connect to: [localhost:5672]
2025-09-20 16:17:32,702 ERROR o.s.a.r.l.AbstractMessageListenerContainer [rabbit-simple-16] Failed to check/redeclare auto-delete queue(s).
2025-09-20 16:17:32,702 INFO o.s.a.r.c.AbstractConnectionFactory [rabbit-simple-16] Attempting to connect to: [localhost:5672]
2025-09-20 16:17:37,874 WARN o.s.a.r.l.SimpleMessageListenerContainer$AsyncMessageProcessingConsumer [rabbit-simple-16] Consumer raised exception, processing can restart if the connection factory supports it. Exception summary: org.springframework.amqp.AmqpConnectException: java.net.ConnectException: Connection refused: no further information
2025-09-20 16:17:37,874 INFO o.s.a.r.l.SimpleMessageListenerContainer$AsyncMessageProcessingConsumer [rabbit-simple-16] Restarting Consumer@3269c32b: tags=[[]], channel=null, acknowledgeMode=AUTO local queue size=0
2025-09-20 16:17:37,876 INFO o.s.a.r.c.AbstractConnectionFactory [rabbit-simple-17] Attempting to connect to: [localhost:5672]
2025-09-20 16:17:37,891 ERROR o.s.a.r.l.AbstractMessageListenerContainer [rabbit-simple-17] Failed to check/redeclare auto-delete queue(s).
2025-09-20 16:17:37,892 INFO o.s.a.r.c.AbstractConnectionFactory [rabbit-simple-17] Attempting to connect to: [localhost:5672]
2025-09-20 16:17:43,038 WARN o.s.a.r.l.SimpleMessageListenerContainer$AsyncMessageProcessingConsumer [rabbit-simple-17] Consumer raised exception, processing can restart if the connection factory supports it. Exception summary: org.springframework.amqp.AmqpConnectException: java.net.ConnectException: Connection refused: no further information
2025-09-20 16:17:43,039 INFO o.s.a.r.l.SimpleMessageListenerContainer$AsyncMessageProcessingConsumer [rabbit-simple-17] Restarting Consumer@4c76998: tags=[[]], channel=null, acknowledgeMode=AUTO local queue size=0
2025-09-20 16:17:43,040 INFO o.s.a.r.c.AbstractConnectionFactory [rabbit-simple-18] Attempting to connect to: [localhost:5672]
2025-09-20 16:17:43,055 ERROR o.s.a.r.l.AbstractMessageListenerContainer [rabbit-simple-18] Failed to check/redeclare auto-delete queue(s).
2025-09-20 16:17:43,056 INFO o.s.a.r.c.AbstractConnectionFactory [rabbit-simple-18] Attempting to connect to: [localhost:5672]
2025-09-20 16:17:48,231 WARN o.s.a.r.l.SimpleMessageListenerContainer$AsyncMessageProcessingConsumer [rabbit-simple-18] Consumer raised exception, processing can restart if the connection factory supports it. Exception summary: org.springframework.amqp.AmqpConnectException: java.net.ConnectException: Connection refused: no further information
2025-09-20 16:17:48,231 INFO o.s.a.r.l.SimpleMessageListenerContainer$AsyncMessageProcessingConsumer [rabbit-simple-18] Restarting Consumer@27d3c611: tags=[[]], channel=null, acknowledgeMode=AUTO local queue size=0
2025-09-20 16:17:48,233 INFO o.s.a.r.c.AbstractConnectionFactory [rabbit-simple-19] Attempting to connect to: [localhost:5672]
2025-09-20 16:17:48,235 ERROR o.s.a.r.l.AbstractMessageListenerContainer [rabbit-simple-19] Failed to check/redeclare auto-delete queue(s).
2025-09-20 16:17:48,235 INFO o.s.a.r.c.AbstractConnectionFactory [rabbit-simple-19] Attempting to connect to: [localhost:5672]
2025-09-20 16:17:53,369 WARN o.s.a.r.l.SimpleMessageListenerContainer$AsyncMessageProcessingConsumer [rabbit-simple-19] Consumer raised exception, processing can restart if the connection factory supports it. Exception summary: org.springframework.amqp.AmqpConnectException: java.net.ConnectException: Connection refused: no further information
2025-09-20 16:17:53,370 INFO o.s.a.r.l.SimpleMessageListenerContainer$AsyncMessageProcessingConsumer [rabbit-simple-19] Restarting Consumer@271a4c19: tags=[[]], channel=null, acknowledgeMode=AUTO local queue size=0
2025-09-20 16:17:53,371 INFO o.s.a.r.c.AbstractConnectionFactory [rabbit-simple-20] Attempting to connect to: [localhost:5672]
2025-09-20 16:17:53,399 ERROR o.s.a.r.l.AbstractMessageListenerContainer [rabbit-simple-20] Failed to check/redeclare auto-delete queue(s).
2025-09-20 16:17:53,400 INFO o.s.a.r.c.AbstractConnectionFactory [rabbit-simple-20] Attempting to connect to: [localhost:5672]
2025-09-20 16:17:58,575 WARN o.s.a.r.l.SimpleMessageListenerContainer$AsyncMessageProcessingConsumer [rabbit-simple-20] Consumer raised exception, processing can restart if the connection factory supports it. Exception summary: org.springframework.amqp.AmqpConnectException: java.net.ConnectException: Connection refused: no further information
2025-09-20 16:17:58,576 INFO o.s.a.r.l.SimpleMessageListenerContainer$AsyncMessageProcessingConsumer [rabbit-simple-20] Restarting Consumer@58bd5931: tags=[[]], channel=null, acknowledgeMode=AUTO local queue size=0
2025-09-20 16:17:58,577 INFO o.s.a.r.c.AbstractConnectionFactory [rabbit-simple-21] Attempting to connect to: [localhost:5672]
2025-09-20 16:17:58,591 ERROR o.s.a.r.l.AbstractMessageListenerContainer [rabbit-simple-21] Failed to check/redeclare auto-delete queue(s).
2025-09-20 16:17:58,592 INFO o.s.a.r.c.AbstractConnectionFactory [rabbit-simple-21] Attempting to connect to: [localhost:5672]
2025-09-20 16:18:03,720 WARN o.s.a.r.l.SimpleMessageListenerContainer$AsyncMessageProcessingConsumer [rabbit-simple-21] Consumer raised exception, processing can restart if the connection factory supports it. Exception summary: org.springframework.amqp.AmqpConnectException: java.net.ConnectException: Connection refused: no further information
2025-09-20 16:18:03,720 INFO o.s.a.r.l.SimpleMessageListenerContainer$AsyncMessageProcessingConsumer [rabbit-simple-21] Restarting Consumer@2df00ae4: tags=[[]], channel=null, acknowledgeMode=AUTO local queue size=0
2025-09-20 16:18:03,721 INFO o.s.a.r.c.AbstractConnectionFactory [rabbit-simple-22] Attempting to connect to: [localhost:5672]
2025-09-20 16:18:03,735 ERROR o.s.a.r.l.AbstractMessageListenerContainer [rabbit-simple-22] Failed to check/redeclare auto-delete queue(s).
2025-09-20 16:18:03,735 INFO o.s.a.r.c.AbstractConnectionFactory [rabbit-simple-22] Attempting to connect to: [localhost:5672]
2025-09-20 16:18:08,901 WARN o.s.a.r.l.SimpleMessageListenerContainer$AsyncMessageProcessingConsumer [rabbit-simple-22] Consumer raised exception, processing can restart if the connection factory supports it. Exception summary: org.springframework.amqp.AmqpConnectException: java.net.ConnectException: Connection refused: no further information
2025-09-20 16:18:08,901 INFO o.s.a.r.l.SimpleMessageListenerContainer$AsyncMessageProcessingConsumer [rabbit-simple-22] Restarting Consumer@5a974c56: tags=[[]], channel=null, acknowledgeMode=AUTO local queue size=0
2025-09-20 16:18:08,903 INFO o.s.a.r.c.AbstractConnectionFactory [rabbit-simple-23] Attempting to connect to: [localhost:5672]
2025-09-20 16:18:08,932 ERROR o.s.a.r.l.AbstractMessageListenerContainer [rabbit-simple-23] Failed to check/redeclare auto-delete queue(s).
2025-09-20 16:18:08,933 INFO o.s.a.r.c.AbstractConnectionFactory [rabbit-simple-23] Attempting to connect to: [localhost:5672]
2025-09-20 16:18:14,088 WARN o.s.a.r.l.SimpleMessageListenerContainer$AsyncMessageProcessingConsumer [rabbit-simple-23] Consumer raised exception, processing can restart if the connection factory supports it. Exception summary: org.springframework.amqp.AmqpConnectException: java.net.ConnectException: Connection refused: no further information
2025-09-20 16:18:14,088 INFO o.s.a.r.l.SimpleMessageListenerContainer$AsyncMessageProcessingConsumer [rabbit-simple-23] Restarting Consumer@67d2dcb2: tags=[[]], channel=null, acknowledgeMode=AUTO local queue size=0
2025-09-20 16:18:14,091 INFO o.s.a.r.c.AbstractConnectionFactory [rabbit-simple-24] Attempting to connect to: [localhost:5672]
2025-09-20 16:18:14,093 ERROR o.s.a.r.l.AbstractMessageListenerContainer [rabbit-simple-24] Failed to check/redeclare auto-delete queue(s).
2025-09-20 16:18:14,094 INFO o.s.a.r.c.AbstractConnectionFactory [rabbit-simple-24] Attempting to connect to: [localhost:5672]
2025-09-20 16:18:19,250 WARN o.s.a.r.l.SimpleMessageListenerContainer$AsyncMessageProcessingConsumer [rabbit-simple-24] Consumer raised exception, processing can restart if the connection factory supports it. Exception summary: org.springframework.amqp.AmqpConnectException: java.net.ConnectException: Connection refused: no further information
2025-09-20 16:18:19,250 INFO o.s.a.r.l.SimpleMessageListenerContainer$AsyncMessageProcessingConsumer [rabbit-simple-24] Restarting Consumer@73ab935c: tags=[[]], channel=null, acknowledgeMode=AUTO local queue size=0
2025-09-20 16:18:19,252 INFO o.s.a.r.c.AbstractConnectionFactory [rabbit-simple-25] Attempting to connect to: [localhost:5672]
2025-09-20 16:18:19,254 ERROR o.s.a.r.l.AbstractMessageListenerContainer [rabbit-simple-25] Failed to check/redeclare auto-delete queue(s).
2025-09-20 16:18:19,255 INFO o.s.a.r.c.AbstractConnectionFactory [rabbit-simple-25] Attempting to connect to: [localhost:5672]
2025-09-20 16:18:24,364 WARN o.s.a.r.l.SimpleMessageListenerContainer$AsyncMessageProcessingConsumer [rabbit-simple-25] Consumer raised exception, processing can restart if the connection factory supports it. Exception summary: org.springframework.amqp.AmqpConnectException: java.net.ConnectException: Connection refused: no further information
2025-09-20 16:18:24,364 INFO o.s.a.r.l.SimpleMessageListenerContainer$AsyncMessageProcessingConsumer [rabbit-simple-25] Restarting Consumer@6ef1728e: tags=[[]], channel=null, acknowledgeMode=AUTO local queue size=0
2025-09-20 16:18:24,365 INFO o.s.a.r.c.AbstractConnectionFactory [rabbit-simple-26] Attempting to connect to: [localhost:5672]
2025-09-20 16:18:24,380 ERROR o.s.a.r.l.AbstractMessageListenerContainer [rabbit-simple-26] Failed to check/redeclare auto-delete queue(s).
2025-09-20 16:18:24,380 INFO o.s.a.r.c.AbstractConnectionFactory [rabbit-simple-26] Attempting to connect to: [localhost:5672]
2025-09-20 16:18:29,559 WARN o.s.a.r.l.SimpleMessageListenerContainer$AsyncMessageProcessingConsumer [rabbit-simple-26] Consumer raised exception, processing can restart if the connection factory supports it. Exception summary: org.springframework.amqp.AmqpConnectException: java.net.ConnectException: Connection refused: no further information
2025-09-20 16:18:29,560 INFO o.s.a.r.l.SimpleMessageListenerContainer$AsyncMessageProcessingConsumer [rabbit-simple-26] Restarting Consumer@7c3ebbbd: tags=[[]], channel=null, acknowledgeMode=AUTO local queue size=0
2025-09-20 16:18:29,561 INFO o.s.a.r.c.AbstractConnectionFactory [rabbit-simple-27] Attempting to connect to: [localhost:5672]
2025-09-20 16:18:29,575 ERROR o.s.a.r.l.AbstractMessageListenerContainer [rabbit-simple-27] Failed to check/redeclare auto-delete queue(s).
2025-09-20 16:18:29,576 INFO o.s.a.r.c.AbstractConnectionFactory [rabbit-simple-27] Attempting to connect to: [localhost:5672]
2025-09-20 16:18:34,747 WARN o.s.a.r.l.SimpleMessageListenerContainer$AsyncMessageProcessingConsumer [rabbit-simple-27] Consumer raised exception, processing can restart if the connection factory supports it. Exception summary: org.springframework.amqp.AmqpConnectException: java.net.ConnectException: Connection refused: no further information
2025-09-20 16:18:34,747 INFO o.s.a.r.l.SimpleMessageListenerContainer$AsyncMessageProcessingConsumer [rabbit-simple-27] Restarting Consumer@893d97d: tags=[[]], channel=null, acknowledgeMode=AUTO local queue size=0
2025-09-20 16:18:34,749 INFO o.s.a.r.c.AbstractConnectionFactory [rabbit-simple-28] Attempting to connect to: [localhost:5672]
2025-09-20 16:18:34,751 ERROR o.s.a.r.l.AbstractMessageListenerContainer [rabbit-simple-28] Failed to check/redeclare auto-delete queue(s).
2025-09-20 16:18:34,752 INFO o.s.a.r.c.AbstractConnectionFactory [rabbit-simple-28] Attempting to connect to: [localhost:5672]
2025-09-20 16:18:39,884 WARN o.s.a.r.l.SimpleMessageListenerContainer$AsyncMessageProcessingConsumer [rabbit-simple-28] Consumer raised exception, processing can restart if the connection factory supports it. Exception summary: org.springframework.amqp.AmqpConnectException: java.net.ConnectException: Connection refused: no further information
2025-09-20 16:18:39,885 INFO o.s.a.r.l.SimpleMessageListenerContainer$AsyncMessageProcessingConsumer [rabbit-simple-28] Restarting Consumer@6ff2a2ab: tags=[[]], channel=null, acknowledgeMode=AUTO local queue size=0
2025-09-20 16:18:39,886 INFO o.s.a.r.c.AbstractConnectionFactory [rabbit-simple-29] Attempting to connect to: [localhost:5672]
2025-09-20 16:18:39,900 ERROR o.s.a.r.l.AbstractMessageListenerContainer [rabbit-simple-29] Failed to check/redeclare auto-delete queue(s).
2025-09-20 16:18:39,900 INFO o.s.a.r.c.AbstractConnectionFactory [rabbit-simple-29] Attempting to connect to: [localhost:5672]
2025-09-20 16:18:45,085 WARN o.s.a.r.l.SimpleMessageListenerContainer$AsyncMessageProcessingConsumer [rabbit-simple-29] Consumer raised exception, processing can restart if the connection factory supports it. Exception summary: org.springframework.amqp.AmqpConnectException: java.net.ConnectException: Connection refused: no further information
2025-09-20 16:18:45,085 INFO o.s.a.r.l.SimpleMessageListenerContainer$AsyncMessageProcessingConsumer [rabbit-simple-29] Restarting Consumer@71b80fbf: tags=[[]], channel=null, acknowledgeMode=AUTO local queue size=0
2025-09-20 16:18:45,099 INFO o.s.a.r.c.AbstractConnectionFactory [rabbit-simple-30] Attempting to connect to: [localhost:5672]
2025-09-20 16:18:45,103 ERROR o.s.a.r.l.AbstractMessageListenerContainer [rabbit-simple-30] Failed to check/redeclare auto-delete queue(s).
2025-09-20 16:18:45,104 INFO o.s.a.r.c.AbstractConnectionFactory [rabbit-simple-30] Attempting to connect to: [localhost:5672]
2025-09-20 16:18:50,252 WARN o.s.a.r.l.SimpleMessageListenerContainer$AsyncMessageProcessingConsumer [rabbit-simple-30] Consumer raised exception, processing can restart if the connection factory supports it. Exception summary: org.springframework.amqp.AmqpConnectException: java.net.ConnectException: Connection refused: no further information
2025-09-20 16:18:50,252 INFO o.s.a.r.l.SimpleMessageListenerContainer$AsyncMessageProcessingConsumer [rabbit-simple-30] Restarting Consumer@bc3027f: tags=[[]], channel=null, acknowledgeMode=AUTO local queue size=0
2025-09-20 16:18:50,253 INFO o.s.a.r.c.AbstractConnectionFactory [rabbit-simple-31] Attempting to connect to: [localhost:5672]
2025-09-20 16:18:50,284 ERROR o.s.a.r.l.AbstractMessageListenerContainer [rabbit-simple-31] Failed to check/redeclare auto-delete queue(s).
2025-09-20 16:18:50,285 INFO o.s.a.r.c.AbstractConnectionFactory [rabbit-simple-31] Attempting to connect to: [localhost:5672]
2025-09-20 16:18:55,439 WARN o.s.a.r.l.SimpleMessageListenerContainer$AsyncMessageProcessingConsumer [rabbit-simple-31] Consumer raised exception, processing can restart if the connection factory supports it. Exception summary: org.springframework.amqp.AmqpConnectException: java.net.ConnectException: Connection refused: no further information
2025-09-20 16:18:55,440 INFO o.s.a.r.l.SimpleMessageListenerContainer$AsyncMessageProcessingConsumer [rabbit-simple-31] Restarting Consumer@2b19f189: tags=[[]], channel=null, acknowledgeMode=AUTO local queue size=0
2025-09-20 16:18:55,441 INFO o.s.a.r.c.AbstractConnectionFactory [rabbit-simple-32] Attempting to connect to: [localhost:5672]
2025-09-20 16:18:55,455 ERROR o.s.a.r.l.AbstractMessageListenerContainer [rabbit-simple-32] Failed to check/redeclare auto-delete queue(s).
2025-09-20 16:18:55,455 INFO o.s.a.r.c.AbstractConnectionFactory [rabbit-simple-32] Attempting to connect to: [localhost:5672]
2025-09-20 16:19:00,592 WARN o.s.a.r.l.SimpleMessageListenerContainer$AsyncMessageProcessingConsumer [rabbit-simple-32] Consumer raised exception, processing can restart if the connection factory supports it. Exception summary: org.springframework.amqp.AmqpConnectException: java.net.ConnectException: Connection refused: no further information
2025-09-20 16:19:00,592 INFO o.s.a.r.l.SimpleMessageListenerContainer$AsyncMessageProcessingConsumer [rabbit-simple-32] Restarting Consumer@10a98df8: tags=[[]], channel=null, acknowledgeMode=AUTO local queue size=0
2025-09-20 16:19:00,594 INFO o.s.a.r.c.AbstractConnectionFactory [rabbit-simple-33] Attempting to connect to: [localhost:5672]
2025-09-20 16:19:00,608 ERROR o.s.a.r.l.AbstractMessageListenerContainer [rabbit-simple-33] Failed to check/redeclare auto-delete queue(s).
2025-09-20 16:19:00,608 INFO o.s.a.r.c.AbstractConnectionFactory [rabbit-simple-33] Attempting to connect to: [localhost:5672]
2025-09-20 16:19:05,682 WARN o.s.a.r.l.SimpleMessageListenerContainer$AsyncMessageProcessingConsumer [rabbit-simple-33] Consumer raised exception, processing can restart if the connection factory supports it. Exception summary: org.springframework.amqp.AmqpConnectException: java.net.ConnectException: Connection refused: no further information
2025-09-20 16:19:05,682 INFO o.s.a.r.l.SimpleMessageListenerContainer$AsyncMessageProcessingConsumer [rabbit-simple-33] Restarting Consumer@7d44f3bb: tags=[[]], channel=null, acknowledgeMode=AUTO local queue size=0
2025-09-20 16:19:05,684 INFO o.s.a.r.c.AbstractConnectionFactory [rabbit-simple-34] Attempting to connect to: [localhost:5672]
2025-09-20 16:19:05,687 ERROR o.s.a.r.l.AbstractMessageListenerContainer [rabbit-simple-34] Failed to check/redeclare auto-delete queue(s).
2025-09-20 16:19:05,687 INFO o.s.a.r.c.AbstractConnectionFactory [rabbit-simple-34] Attempting to connect to: [localhost:5672]
2025-09-20 16:19:06,924 INFO o.s.a.r.l.SimpleMessageListenerContainer [rabbit-simple-35] Waiting for workers to finish.
2025-09-20 16:19:06,924 INFO o.s.a.r.l.SimpleMessageListenerContainer [rabbit-simple-35] Successfully waited for workers to finish.
2025-09-20 16:19:06,959 INFO o.s.o.j.AbstractEntityManagerFactoryBean [SpringApplicationShutdownHook] Closing JPA EntityManagerFactory for persistence unit 'default'
2025-09-20 16:19:06,974 INFO c.z.h.HikariDataSource [SpringApplicationShutdownHook] HikariPool-1 - Shutdown initiated...
2025-09-20 16:19:06,986 INFO c.z.h.HikariDataSource [SpringApplicationShutdownHook] HikariPool-1 - Shutdown completed.
2025-09-20 16:19:22,406 INFO o.h.v.i.u.Version [background-preinit] HV000001: Hibernate Validator 8.0.1.Final
2025-09-20 16:19:22,579 INFO o.s.b.StartupInfoLogger [main] Starting Bootstrap using Java 21 with PID 44728 (C:\Users\koliveiras\workspace-study\ms-reservation-inventory\target\classes started by koliveiras in C:\Users\koliveiras\workspace-study\ms-reservation-inventory)
2025-09-20 16:19:22,581 DEBUG o.s.b.StartupInfoLogger [main] Running with Spring Boot v3.3.5, Spring v6.1.14
2025-09-20 16:19:22,583 INFO o.s.b.SpringApplication [main] The following 1 profile is active: "dev"
2025-09-20 16:19:25,550 INFO o.s.d.r.c.RepositoryConfigurationDelegate [main] Bootstrapping Spring Data JPA repositories in DEFAULT mode.
2025-09-20 16:19:25,918 INFO o.s.d.r.c.RepositoryConfigurationDelegate [main] Finished Spring Data repository scanning in 356 ms. Found 2 JPA repository interfaces.
2025-09-20 16:19:26,510 INFO o.s.c.c.s.GenericScope [main] BeanFactory id=a8a0d036-9d50-3b46-8703-5cd352c509c5
2025-09-20 16:19:27,672 INFO o.s.b.w.e.t.TomcatWebServer [main] Tomcat initialized with port 8081 (http)
2025-09-20 16:19:27,700 INFO o.a.j.l.DirectJDKLog [main] Initializing ProtocolHandler ["http-nio-8081"]
2025-09-20 16:19:27,708 INFO o.a.j.l.DirectJDKLog [main] Starting service [Tomcat]
2025-09-20 16:19:27,709 INFO o.a.j.l.DirectJDKLog [main] Starting Servlet engine: [Apache Tomcat/10.1.31]
2025-09-20 16:19:27,890 INFO o.a.j.l.DirectJDKLog [main] Initializing Spring embedded WebApplicationContext
2025-09-20 16:19:27,894 INFO o.s.b.w.s.c.ServletWebServerApplicationContext [main] Root WebApplicationContext: initialization completed in 5163 ms
2025-09-20 16:19:27,966 INFO c.z.h.HikariDataSource [main] HikariPool-1 - Starting...
2025-09-20 16:19:28,471 INFO c.z.h.p.HikariPool [main] HikariPool-1 - Added connection conn0: url=jdbc:h2:mem:testdb user=SA
2025-09-20 16:19:28,479 INFO c.z.h.HikariDataSource [main] HikariPool-1 - Start completed.
2025-09-20 16:19:28,508 INFO o.s.b.a.h.H2ConsoleAutoConfiguration [main] H2 console available at '/h2-console'. Database available at 'jdbc:h2:mem:testdb'
2025-09-20 16:19:28,958 INFO o.h.j.i.u.LogHelper [main] HHH000204: Processing PersistenceUnitInfo [name: default]
2025-09-20 16:19:29,133 INFO o.h.Version [main] HHH000412: Hibernate ORM core version 6.5.3.Final
2025-09-20 16:19:29,238 INFO o.h.c.i.RegionFactoryInitiator [main] HHH000026: Second-level cache disabled
2025-09-20 16:19:30,062 INFO o.s.o.j.p.SpringPersistenceUnitInfo [main] No LoadTimeWeaver setup: ignoring JPA class transformer
2025-09-20 16:19:30,192 WARN o.h.e.j.d.i.DialectFactoryImpl [main] HHH90000025: H2Dialect does not need to be specified explicitly using 'hibernate.dialect' (remove the property setting and it will be selected by default)
2025-09-20 16:19:31,851 INFO o.h.e.t.j.p.i.JtaPlatformInitiator [main] HHH000489: No JTA platform available (set 'hibernate.transaction.jta.platform' to enable JTA platform integration)
2025-09-20 16:19:31,922 INFO o.s.o.j.AbstractEntityManagerFactoryBean [main] Initialized JPA EntityManagerFactory for persistence unit 'default'
2025-09-20 16:19:32,396 WARN o.s.b.a.o.j.JpaBaseConfiguration$JpaWebConfiguration [main] spring.jpa.open-in-view is enabled by default. Therefore, database queries may be performed during view rendering. Explicitly configure spring.jpa.open-in-view to disable this warning
2025-09-20 16:19:33,474 INFO o.s.d.j.r.q.QueryEnhancerFactory [main] Hibernate is in classpath; If applicable, HQL parser will be used.
2025-09-20 16:19:37,539 INFO o.s.g.e.DefaultSchemaResourceGraphQlSourceBuilder [main] Loaded 1 resource(s) in the GraphQL schema.
2025-09-20 16:19:38,821 INFO o.s.g.e.DefaultSchemaResourceGraphQlSourceBuilder [main] GraphQL schema inspection:
	Unmapped fields: {Query=[_empty]}
	Unmapped registrations: {}
	Unmapped arguments: {}
	Skipped types: []
2025-09-20 16:19:38,915 INFO o.s.b.a.g.s.GraphQlWebMvcAutoConfiguration [main] GraphQL endpoint HTTP POST /graphql
2025-09-20 16:19:40,717 INFO o.a.j.l.DirectJDKLog [main] Starting ProtocolHandler ["http-nio-8081"]
2025-09-20 16:19:40,867 INFO o.s.b.w.e.t.TomcatWebServer [main] Tomcat started on port 8081 (http) with context path '/'
2025-09-20 16:19:40,882 INFO o.s.a.r.c.AbstractConnectionFactory [main] Attempting to connect to: [localhost:5672]
2025-09-20 16:19:40,913 INFO o.s.a.r.l.AbstractMessageListenerContainer [main] Broker not available; cannot force queue declarations during start: java.net.ConnectException: Connection refused: no further information
2025-09-20 16:19:40,960 INFO o.s.a.r.c.AbstractConnectionFactory [rabbit-simple-0] Attempting to connect to: [localhost:5672]
2025-09-20 16:19:40,967 ERROR o.s.a.r.l.AbstractMessageListenerContainer [rabbit-simple-0] Failed to check/redeclare auto-delete queue(s).
org.springframework.amqp.AmqpConnectException: java.net.ConnectException: Connection refused: no further information
	at org.springframework.amqp.rabbit.support.RabbitExceptionTranslator.convertRabbitAccessException(RabbitExceptionTranslator.java:61)
	at org.springframework.amqp.rabbit.connection.AbstractConnectionFactory.createBareConnection(AbstractConnectionFactory.java:622)
	at org.springframework.amqp.rabbit.connection.CachingConnectionFactory.createConnection(CachingConnectionFactory.java:726)
	at org.springframework.amqp.rabbit.connection.ConnectionFactoryUtils.createConnection(ConnectionFactoryUtils.java:257)
	at org.springframework.amqp.rabbit.core.RabbitTemplate.doExecute(RabbitTemplate.java:2249)
	at org.springframework.amqp.rabbit.core.RabbitTemplate.execute(RabbitTemplate.java:2222)
	at org.springframework.amqp.rabbit.core.RabbitTemplate.execute(RabbitTemplate.java:2202)
	at org.springframework.amqp.rabbit.core.RabbitAdmin.getQueueInfo(RabbitAdmin.java:467)
	at org.springframework.amqp.rabbit.core.RabbitAdmin.getQueueProperties(RabbitAdmin.java:451)
	at org.springframework.amqp.rabbit.listener.AbstractMessageListenerContainer.attemptDeclarations(AbstractMessageListenerContainer.java:1960)
	at org.springframework.amqp.rabbit.listener.AbstractMessageListenerContainer.redeclareElementsIfNecessary(AbstractMessageListenerContainer.java:1924)
	at org.springframework.amqp.rabbit.listener.SimpleMessageListenerContainer$AsyncMessageProcessingConsumer.initialize(SimpleMessageListenerContainer.java:1479)
	at org.springframework.amqp.rabbit.listener.SimpleMessageListenerContainer$AsyncMessageProcessingConsumer.run(SimpleMessageListenerContainer.java:1320)
	at java.base/java.lang.VirtualThread.run(VirtualThread.java:311)
Caused by: java.net.ConnectException: Connection refused: no further information
	at java.base/sun.nio.ch.Net.pollConnect(Native Method)
	at java.base/sun.nio.ch.Net.pollConnectNow(Net.java:682)
	at java.base/sun.nio.ch.NioSocketImpl.timedFinishConnect(NioSocketImpl.java:542)
	at java.base/sun.nio.ch.NioSocketImpl.connect(NioSocketImpl.java:592)
	at java.base/java.net.SocksSocketImpl.connect(SocksSocketImpl.java:327)
	at java.base/java.net.Socket.connect(Socket.java:751)
	at com.rabbitmq.client.impl.SocketFrameHandlerFactory.create(SocketFrameHandlerFactory.java:61)
	at com.rabbitmq.client.ConnectionFactory.newConnection(ConnectionFactory.java:1249)
	at com.rabbitmq.client.ConnectionFactory.newConnection(ConnectionFactory.java:1198)
	at org.springframework.amqp.rabbit.connection.AbstractConnectionFactory.connectAddresses(AbstractConnectionFactory.java:668)
	at org.springframework.amqp.rabbit.connection.AbstractConnectionFactory.connect(AbstractConnectionFactory.java:637)
	at org.springframework.amqp.rabbit.connection.AbstractConnectionFactory.createBareConnection(AbstractConnectionFactory.java:584)
	... 12 common frames omitted
2025-09-20 16:19:40,989 INFO o.s.a.r.c.AbstractConnectionFactory [rabbit-simple-0] Attempting to connect to: [localhost:5672]
2025-09-20 16:19:41,034 INFO o.s.b.StartupInfoLogger [main] Started Bootstrap in 20.852 seconds (process running for 24.23)
2025-09-20 16:19:45,007 INFO o.a.j.l.DirectJDKLog [tomcat-handler-1] Initializing Spring DispatcherServlet 'dispatcherServlet'
2025-09-20 16:19:45,007 INFO o.s.w.s.FrameworkServlet [tomcat-handler-1] Initializing Servlet 'dispatcherServlet'
2025-09-20 16:19:45,007 INFO o.s.w.s.FrameworkServlet [tomcat-handler-1] Completed initialization in 0 ms
2025-09-20 16:19:45,254 INFO c.e.a.i.UserResourceAdapterIn [tomcat-handler-1] Creating user: User{id=null, document='04133971060', name='Kenneth de Oliveira Soares', email='kennetholiveira2015@gmail.com', address=Address{id=null, street='null', city='null', state='null', postalCode='58051020'}}
2025-09-20 16:19:45,254 INFO c.e.a.o.CreateUserAdapterOut [tomcat-handler-1] Sending request to User Management Service to create user: User{id=null, document='04133971060', name='Kenneth de Oliveira Soares', email='kennetholiveira2015@gmail.com', address=Address{id=null, street='null', city='null', state='null', postalCode='58051020'}}
2025-09-20 16:19:45,721 INFO c.e.a.o.CreateUserAdapterOut [tomcat-handler-1] Created user in User Management Service: UserResponse(document=04133971060, name=Kenneth de Oliveira Soares, email=kennetholiveira2015@gmail.com, userAddressResponse=UserAddressResponse(street=Rua Hermelinda Henriques de Araújo, city=João Pessoa, state=PB, postalCode=58051-020))
2025-09-20 16:19:45,736 INFO c.e.a.i.UserResourceAdapterIn [tomcat-handler-1] Created user: User{id=null, document='04133971060', name='Kenneth de Oliveira Soares', email='kennetholiveira2015@gmail.com', address=Address{id=null, street='Rua Hermelinda Henriques de Araújo', city='João Pessoa', state='PB', postalCode='58051-020'}}
2025-09-20 16:19:46,177 WARN o.s.a.r.l.SimpleMessageListenerContainer$AsyncMessageProcessingConsumer [rabbit-simple-0] Consumer raised exception, processing can restart if the connection factory supports it. Exception summary: org.springframework.amqp.AmqpConnectException: java.net.ConnectException: Connection refused: no further information
2025-09-20 16:19:46,184 INFO o.s.a.r.l.SimpleMessageListenerContainer$AsyncMessageProcessingConsumer [rabbit-simple-0] Restarting Consumer@14c6d1b7: tags=[[]], channel=null, acknowledgeMode=AUTO local queue size=0
2025-09-20 16:19:46,187 INFO o.s.a.r.c.AbstractConnectionFactory [rabbit-simple-1] Attempting to connect to: [localhost:5672]
2025-09-20 16:19:46,208 ERROR o.s.a.r.l.AbstractMessageListenerContainer [rabbit-simple-1] Failed to check/redeclare auto-delete queue(s).
2025-09-20 16:19:46,208 INFO o.s.a.r.c.AbstractConnectionFactory [rabbit-simple-1] Attempting to connect to: [localhost:5672]
2025-09-20 16:19:51,344 WARN o.s.a.r.l.SimpleMessageListenerContainer$AsyncMessageProcessingConsumer [rabbit-simple-1] Consumer raised exception, processing can restart if the connection factory supports it. Exception summary: org.springframework.amqp.AmqpConnectException: java.net.ConnectException: Connection refused: no further information
2025-09-20 16:19:51,345 INFO o.s.a.r.l.SimpleMessageListenerContainer$AsyncMessageProcessingConsumer [rabbit-simple-1] Restarting Consumer@362f21ac: tags=[[]], channel=null, acknowledgeMode=AUTO local queue size=0
2025-09-20 16:19:51,346 INFO o.s.a.r.c.AbstractConnectionFactory [rabbit-simple-2] Attempting to connect to: [localhost:5672]
2025-09-20 16:19:51,360 ERROR o.s.a.r.l.AbstractMessageListenerContainer [rabbit-simple-2] Failed to check/redeclare auto-delete queue(s).
2025-09-20 16:19:51,361 INFO o.s.a.r.c.AbstractConnectionFactory [rabbit-simple-2] Attempting to connect to: [localhost:5672]
2025-09-20 16:19:56,513 WARN o.s.a.r.l.SimpleMessageListenerContainer$AsyncMessageProcessingConsumer [rabbit-simple-2] Consumer raised exception, processing can restart if the connection factory supports it. Exception summary: org.springframework.amqp.AmqpConnectException: java.net.ConnectException: Connection refused: no further information
2025-09-20 16:19:56,513 INFO o.s.a.r.l.SimpleMessageListenerContainer$AsyncMessageProcessingConsumer [rabbit-simple-2] Restarting Consumer@71ccd472: tags=[[]], channel=null, acknowledgeMode=AUTO local queue size=0
2025-09-20 16:19:56,514 INFO o.s.a.r.c.AbstractConnectionFactory [rabbit-simple-3] Attempting to connect to: [localhost:5672]
2025-09-20 16:19:56,529 ERROR o.s.a.r.l.AbstractMessageListenerContainer [rabbit-simple-3] Failed to check/redeclare auto-delete queue(s).
2025-09-20 16:19:56,530 INFO o.s.a.r.c.AbstractConnectionFactory [rabbit-simple-3] Attempting to connect to: [localhost:5672]
2025-09-20 16:20:01,713 WARN o.s.a.r.l.SimpleMessageListenerContainer$AsyncMessageProcessingConsumer [rabbit-simple-3] Consumer raised exception, processing can restart if the connection factory supports it. Exception summary: org.springframework.amqp.AmqpConnectException: java.net.ConnectException: Connection refused: no further information
2025-09-20 16:20:01,714 INFO o.s.a.r.l.SimpleMessageListenerContainer$AsyncMessageProcessingConsumer [rabbit-simple-3] Restarting Consumer@bd7d8d: tags=[[]], channel=null, acknowledgeMode=AUTO local queue size=0
2025-09-20 16:20:01,716 INFO o.s.a.r.c.AbstractConnectionFactory [rabbit-simple-4] Attempting to connect to: [localhost:5672]
2025-09-20 16:20:01,718 ERROR o.s.a.r.l.AbstractMessageListenerContainer [rabbit-simple-4] Failed to check/redeclare auto-delete queue(s).
2025-09-20 16:20:01,718 INFO o.s.a.r.c.AbstractConnectionFactory [rabbit-simple-4] Attempting to connect to: [localhost:5672]
2025-09-20 16:20:06,913 WARN o.s.a.r.l.SimpleMessageListenerContainer$AsyncMessageProcessingConsumer [rabbit-simple-4] Consumer raised exception, processing can restart if the connection factory supports it. Exception summary: org.springframework.amqp.AmqpConnectException: java.net.ConnectException: Connection refused: no further information
2025-09-20 16:20:06,914 INFO o.s.a.r.l.SimpleMessageListenerContainer$AsyncMessageProcessingConsumer [rabbit-simple-4] Restarting Consumer@e9d59a7: tags=[[]], channel=null, acknowledgeMode=AUTO local queue size=0
2025-09-20 16:20:06,915 INFO o.s.a.r.c.AbstractConnectionFactory [rabbit-simple-5] Attempting to connect to: [localhost:5672]
2025-09-20 16:20:06,916 ERROR o.s.a.r.l.AbstractMessageListenerContainer [rabbit-simple-5] Failed to check/redeclare auto-delete queue(s).
2025-09-20 16:20:06,917 INFO o.s.a.r.c.AbstractConnectionFactory [rabbit-simple-5] Attempting to connect to: [localhost:5672]
2025-09-20 16:20:11,940 WARN o.s.a.r.l.SimpleMessageListenerContainer$AsyncMessageProcessingConsumer [rabbit-simple-5] Consumer raised exception, processing can restart if the connection factory supports it. Exception summary: org.springframework.amqp.AmqpConnectException: java.net.ConnectException: Connection refused: no further information
2025-09-20 16:20:11,940 INFO o.s.a.r.l.SimpleMessageListenerContainer$AsyncMessageProcessingConsumer [rabbit-simple-5] Restarting Consumer@64910976: tags=[[]], channel=null, acknowledgeMode=AUTO local queue size=0
2025-09-20 16:20:11,942 INFO o.s.a.r.c.AbstractConnectionFactory [rabbit-simple-6] Attempting to connect to: [localhost:5672]
2025-09-20 16:20:11,944 ERROR o.s.a.r.l.AbstractMessageListenerContainer [rabbit-simple-6] Failed to check/redeclare auto-delete queue(s).
2025-09-20 16:20:11,945 INFO o.s.a.r.c.AbstractConnectionFactory [rabbit-simple-6] Attempting to connect to: [localhost:5672]
2025-09-20 16:20:17,110 WARN o.s.a.r.l.SimpleMessageListenerContainer$AsyncMessageProcessingConsumer [rabbit-simple-6] Consumer raised exception, processing can restart if the connection factory supports it. Exception summary: org.springframework.amqp.AmqpConnectException: java.net.ConnectException: Connection refused: no further information
2025-09-20 16:20:17,111 INFO o.s.a.r.l.SimpleMessageListenerContainer$AsyncMessageProcessingConsumer [rabbit-simple-6] Restarting Consumer@17ac2918: tags=[[]], channel=null, acknowledgeMode=AUTO local queue size=0
2025-09-20 16:20:17,112 INFO o.s.a.r.c.AbstractConnectionFactory [rabbit-simple-7] Attempting to connect to: [localhost:5672]
2025-09-20 16:20:17,125 ERROR o.s.a.r.l.AbstractMessageListenerContainer [rabbit-simple-7] Failed to check/redeclare auto-delete queue(s).
2025-09-20 16:20:17,125 INFO o.s.a.r.c.AbstractConnectionFactory [rabbit-simple-7] Attempting to connect to: [localhost:5672]
2025-09-20 16:20:22,301 WARN o.s.a.r.l.SimpleMessageListenerContainer$AsyncMessageProcessingConsumer [rabbit-simple-7] Consumer raised exception, processing can restart if the connection factory supports it. Exception summary: org.springframework.amqp.AmqpConnectException: java.net.ConnectException: Connection refused: no further information
2025-09-20 16:20:22,301 INFO o.s.a.r.l.SimpleMessageListenerContainer$AsyncMessageProcessingConsumer [rabbit-simple-7] Restarting Consumer@54e7b92c: tags=[[]], channel=null, acknowledgeMode=AUTO local queue size=0
2025-09-20 16:20:22,303 INFO o.s.a.r.c.AbstractConnectionFactory [rabbit-simple-8] Attempting to connect to: [localhost:5672]
2025-09-20 16:20:22,305 ERROR o.s.a.r.l.AbstractMessageListenerContainer [rabbit-simple-8] Failed to check/redeclare auto-delete queue(s).
2025-09-20 16:20:22,305 INFO o.s.a.r.c.AbstractConnectionFactory [rabbit-simple-8] Attempting to connect to: [localhost:5672]
2025-09-20 16:20:27,536 WARN o.s.a.r.l.SimpleMessageListenerContainer$AsyncMessageProcessingConsumer [rabbit-simple-8] Consumer raised exception, processing can restart if the connection factory supports it. Exception summary: org.springframework.amqp.AmqpConnectException: java.net.ConnectException: Connection refused: no further information
2025-09-20 16:20:27,537 INFO o.s.a.r.l.SimpleMessageListenerContainer$AsyncMessageProcessingConsumer [rabbit-simple-8] Restarting Consumer@4e698a24: tags=[[]], channel=null, acknowledgeMode=AUTO local queue size=0
2025-09-20 16:20:27,538 INFO o.s.a.r.c.AbstractConnectionFactory [rabbit-simple-9] Attempting to connect to: [localhost:5672]
2025-09-20 16:20:27,551 ERROR o.s.a.r.l.AbstractMessageListenerContainer [rabbit-simple-9] Failed to check/redeclare auto-delete queue(s).
2025-09-20 16:20:27,551 INFO o.s.a.r.c.AbstractConnectionFactory [rabbit-simple-9] Attempting to connect to: [localhost:5672]
2025-09-20 16:20:32,694 WARN o.s.a.r.l.SimpleMessageListenerContainer$AsyncMessageProcessingConsumer [rabbit-simple-9] Consumer raised exception, processing can restart if the connection factory supports it. Exception summary: org.springframework.amqp.AmqpConnectException: java.net.ConnectException: Connection refused: no further information
2025-09-20 16:20:32,695 INFO o.s.a.r.l.SimpleMessageListenerContainer$AsyncMessageProcessingConsumer [rabbit-simple-9] Restarting Consumer@31ddf50d: tags=[[]], channel=null, acknowledgeMode=AUTO local queue size=0
2025-09-20 16:20:32,696 INFO o.s.a.r.c.AbstractConnectionFactory [rabbit-simple-10] Attempting to connect to: [localhost:5672]
2025-09-20 16:20:32,698 ERROR o.s.a.r.l.AbstractMessageListenerContainer [rabbit-simple-10] Failed to check/redeclare auto-delete queue(s).
2025-09-20 16:20:32,698 INFO o.s.a.r.c.AbstractConnectionFactory [rabbit-simple-10] Attempting to connect to: [localhost:5672]
2025-09-20 16:20:37,924 WARN o.s.a.r.l.SimpleMessageListenerContainer$AsyncMessageProcessingConsumer [rabbit-simple-10] Consumer raised exception, processing can restart if the connection factory supports it. Exception summary: org.springframework.amqp.AmqpConnectException: java.net.ConnectException: Connection refused: no further information
2025-09-20 16:20:37,932 INFO o.s.a.r.l.SimpleMessageListenerContainer$AsyncMessageProcessingConsumer [rabbit-simple-10] Restarting Consumer@39b22db: tags=[[]], channel=null, acknowledgeMode=AUTO local queue size=0
2025-09-20 16:20:37,934 INFO o.s.a.r.c.AbstractConnectionFactory [rabbit-simple-11] Attempting to connect to: [localhost:5672]
2025-09-20 16:20:37,936 ERROR o.s.a.r.l.AbstractMessageListenerContainer [rabbit-simple-11] Failed to check/redeclare auto-delete queue(s).
2025-09-20 16:20:37,937 INFO o.s.a.r.c.AbstractConnectionFactory [rabbit-simple-11] Attempting to connect to: [localhost:5672]
2025-09-20 16:20:43,099 WARN o.s.a.r.l.SimpleMessageListenerContainer$AsyncMessageProcessingConsumer [rabbit-simple-11] Consumer raised exception, processing can restart if the connection factory supports it. Exception summary: org.springframework.amqp.AmqpConnectException: java.net.ConnectException: Connection refused: no further information
2025-09-20 16:20:43,099 INFO o.s.a.r.l.SimpleMessageListenerContainer$AsyncMessageProcessingConsumer [rabbit-simple-11] Restarting Consumer@1b98ae0f: tags=[[]], channel=null, acknowledgeMode=AUTO local queue size=0
2025-09-20 16:20:43,101 INFO o.s.a.r.c.AbstractConnectionFactory [rabbit-simple-12] Attempting to connect to: [localhost:5672]
2025-09-20 16:20:43,104 ERROR o.s.a.r.l.AbstractMessageListenerContainer [rabbit-simple-12] Failed to check/redeclare auto-delete queue(s).
2025-09-20 16:20:43,104 INFO o.s.a.r.c.AbstractConnectionFactory [rabbit-simple-12] Attempting to connect to: [localhost:5672]
2025-09-20 16:20:48,244 WARN o.s.a.r.l.SimpleMessageListenerContainer$AsyncMessageProcessingConsumer [rabbit-simple-12] Consumer raised exception, processing can restart if the connection factory supports it. Exception summary: org.springframework.amqp.AmqpConnectException: java.net.ConnectException: Connection refused: no further information
2025-09-20 16:20:48,245 INFO o.s.a.r.l.SimpleMessageListenerContainer$AsyncMessageProcessingConsumer [rabbit-simple-12] Restarting Consumer@5c1d3f90: tags=[[]], channel=null, acknowledgeMode=AUTO local queue size=0
2025-09-20 16:20:48,246 INFO o.s.a.r.c.AbstractConnectionFactory [rabbit-simple-13] Attempting to connect to: [localhost:5672]
2025-09-20 16:20:48,248 ERROR o.s.a.r.l.AbstractMessageListenerContainer [rabbit-simple-13] Failed to check/redeclare auto-delete queue(s).
2025-09-20 16:20:48,248 INFO o.s.a.r.c.AbstractConnectionFactory [rabbit-simple-13] Attempting to connect to: [localhost:5672]
2025-09-20 16:20:53,282 WARN o.s.a.r.l.SimpleMessageListenerContainer$AsyncMessageProcessingConsumer [rabbit-simple-13] Consumer raised exception, processing can restart if the connection factory supports it. Exception summary: org.springframework.amqp.AmqpConnectException: java.net.ConnectException: Connection refused: no further information
2025-09-20 16:20:53,282 INFO o.s.a.r.l.SimpleMessageListenerContainer$AsyncMessageProcessingConsumer [rabbit-simple-13] Restarting Consumer@37ce52a7: tags=[[]], channel=null, acknowledgeMode=AUTO local queue size=0
2025-09-20 16:20:53,284 INFO o.s.a.r.c.AbstractConnectionFactory [rabbit-simple-14] Attempting to connect to: [localhost:5672]
2025-09-20 16:20:53,298 ERROR o.s.a.r.l.AbstractMessageListenerContainer [rabbit-simple-14] Failed to check/redeclare auto-delete queue(s).
2025-09-20 16:20:53,298 INFO o.s.a.r.c.AbstractConnectionFactory [rabbit-simple-14] Attempting to connect to: [localhost:5672]
2025-09-20 16:20:58,340 WARN o.s.a.r.l.SimpleMessageListenerContainer$AsyncMessageProcessingConsumer [rabbit-simple-14] Consumer raised exception, processing can restart if the connection factory supports it. Exception summary: org.springframework.amqp.AmqpConnectException: java.net.ConnectException: Connection refused: no further information
2025-09-20 16:20:58,341 INFO o.s.a.r.l.SimpleMessageListenerContainer$AsyncMessageProcessingConsumer [rabbit-simple-14] Restarting Consumer@3265201f: tags=[[]], channel=null, acknowledgeMode=AUTO local queue size=0
2025-09-20 16:20:58,343 INFO o.s.a.r.c.AbstractConnectionFactory [rabbit-simple-15] Attempting to connect to: [localhost:5672]
2025-09-20 16:20:58,345 ERROR o.s.a.r.l.AbstractMessageListenerContainer [rabbit-simple-15] Failed to check/redeclare auto-delete queue(s).
2025-09-20 16:20:58,347 INFO o.s.a.r.c.AbstractConnectionFactory [rabbit-simple-15] Attempting to connect to: [localhost:5672]
2025-09-20 16:21:03,525 WARN o.s.a.r.l.SimpleMessageListenerContainer$AsyncMessageProcessingConsumer [rabbit-simple-15] Consumer raised exception, processing can restart if the connection factory supports it. Exception summary: org.springframework.amqp.AmqpConnectException: java.net.ConnectException: Connection refused: no further information
2025-09-20 16:21:03,525 INFO o.s.a.r.l.SimpleMessageListenerContainer$AsyncMessageProcessingConsumer [rabbit-simple-15] Restarting Consumer@202e0dab: tags=[[]], channel=null, acknowledgeMode=AUTO local queue size=0
2025-09-20 16:21:03,529 INFO o.s.a.r.c.AbstractConnectionFactory [rabbit-simple-16] Attempting to connect to: [localhost:5672]
2025-09-20 16:21:03,532 ERROR o.s.a.r.l.AbstractMessageListenerContainer [rabbit-simple-16] Failed to check/redeclare auto-delete queue(s).
2025-09-20 16:21:03,532 INFO o.s.a.r.c.AbstractConnectionFactory [rabbit-simple-16] Attempting to connect to: [localhost:5672]
2025-09-20 16:21:08,673 WARN o.s.a.r.l.SimpleMessageListenerContainer$AsyncMessageProcessingConsumer [rabbit-simple-16] Consumer raised exception, processing can restart if the connection factory supports it. Exception summary: org.springframework.amqp.AmqpConnectException: java.net.ConnectException: Connection refused: no further information
2025-09-20 16:21:08,673 INFO o.s.a.r.l.SimpleMessageListenerContainer$AsyncMessageProcessingConsumer [rabbit-simple-16] Restarting Consumer@509dd7ec: tags=[[]], channel=null, acknowledgeMode=AUTO local queue size=0
2025-09-20 16:21:08,675 INFO o.s.a.r.c.AbstractConnectionFactory [rabbit-simple-17] Attempting to connect to: [localhost:5672]
2025-09-20 16:21:08,689 ERROR o.s.a.r.l.AbstractMessageListenerContainer [rabbit-simple-17] Failed to check/redeclare auto-delete queue(s).
2025-09-20 16:21:08,690 INFO o.s.a.r.c.AbstractConnectionFactory [rabbit-simple-17] Attempting to connect to: [localhost:5672]
2025-09-20 16:21:13,812 WARN o.s.a.r.l.SimpleMessageListenerContainer$AsyncMessageProcessingConsumer [rabbit-simple-17] Consumer raised exception, processing can restart if the connection factory supports it. Exception summary: org.springframework.amqp.AmqpConnectException: java.net.ConnectException: Connection refused: no further information
2025-09-20 16:21:13,812 INFO o.s.a.r.l.SimpleMessageListenerContainer$AsyncMessageProcessingConsumer [rabbit-simple-17] Restarting Consumer@543846f0: tags=[[]], channel=null, acknowledgeMode=AUTO local queue size=0
2025-09-20 16:21:13,814 INFO o.s.a.r.c.AbstractConnectionFactory [rabbit-simple-18] Attempting to connect to: [localhost:5672]
2025-09-20 16:21:13,827 ERROR o.s.a.r.l.AbstractMessageListenerContainer [rabbit-simple-18] Failed to check/redeclare auto-delete queue(s).
2025-09-20 16:21:13,828 INFO o.s.a.r.c.AbstractConnectionFactory [rabbit-simple-18] Attempting to connect to: [localhost:5672]
2025-09-20 16:21:18,971 WARN o.s.a.r.l.SimpleMessageListenerContainer$AsyncMessageProcessingConsumer [rabbit-simple-18] Consumer raised exception, processing can restart if the connection factory supports it. Exception summary: org.springframework.amqp.AmqpConnectException: java.net.ConnectException: Connection refused: no further information
2025-09-20 16:21:18,971 INFO o.s.a.r.l.SimpleMessageListenerContainer$AsyncMessageProcessingConsumer [rabbit-simple-18] Restarting Consumer@6665ccf5: tags=[[]], channel=null, acknowledgeMode=AUTO local queue size=0
2025-09-20 16:21:18,973 INFO o.s.a.r.c.AbstractConnectionFactory [rabbit-simple-19] Attempting to connect to: [localhost:5672]
2025-09-20 16:21:18,975 ERROR o.s.a.r.l.AbstractMessageListenerContainer [rabbit-simple-19] Failed to check/redeclare auto-delete queue(s).
2025-09-20 16:21:18,975 INFO o.s.a.r.c.AbstractConnectionFactory [rabbit-simple-19] Attempting to connect to: [localhost:5672]
2025-09-20 16:21:24,127 WARN o.s.a.r.l.SimpleMessageListenerContainer$AsyncMessageProcessingConsumer [rabbit-simple-19] Consumer raised exception, processing can restart if the connection factory supports it. Exception summary: org.springframework.amqp.AmqpConnectException: java.net.ConnectException: Connection refused: no further information
2025-09-20 16:21:24,128 INFO o.s.a.r.l.SimpleMessageListenerContainer$AsyncMessageProcessingConsumer [rabbit-simple-19] Restarting Consumer@72e0d7f5: tags=[[]], channel=null, acknowledgeMode=AUTO local queue size=0
2025-09-20 16:21:24,129 INFO o.s.a.r.c.AbstractConnectionFactory [rabbit-simple-20] Attempting to connect to: [localhost:5672]
2025-09-20 16:21:24,158 ERROR o.s.a.r.l.AbstractMessageListenerContainer [rabbit-simple-20] Failed to check/redeclare auto-delete queue(s).
2025-09-20 16:21:24,159 INFO o.s.a.r.c.AbstractConnectionFactory [rabbit-simple-20] Attempting to connect to: [localhost:5672]
2025-09-20 16:21:29,325 WARN o.s.a.r.l.SimpleMessageListenerContainer$AsyncMessageProcessingConsumer [rabbit-simple-20] Consumer raised exception, processing can restart if the connection factory supports it. Exception summary: org.springframework.amqp.AmqpConnectException: java.net.ConnectException: Connection refused: no further information
2025-09-20 16:21:29,325 INFO o.s.a.r.l.SimpleMessageListenerContainer$AsyncMessageProcessingConsumer [rabbit-simple-20] Restarting Consumer@4e22895f: tags=[[]], channel=null, acknowledgeMode=AUTO local queue size=0
2025-09-20 16:21:29,326 INFO o.s.a.r.c.AbstractConnectionFactory [rabbit-simple-21] Attempting to connect to: [localhost:5672]
2025-09-20 16:21:29,329 ERROR o.s.a.r.l.AbstractMessageListenerContainer [rabbit-simple-21] Failed to check/redeclare auto-delete queue(s).
2025-09-20 16:21:29,329 INFO o.s.a.r.c.AbstractConnectionFactory [rabbit-simple-21] Attempting to connect to: [localhost:5672]
2025-09-20 16:21:34,449 WARN o.s.a.r.l.SimpleMessageListenerContainer$AsyncMessageProcessingConsumer [rabbit-simple-21] Consumer raised exception, processing can restart if the connection factory supports it. Exception summary: org.springframework.amqp.AmqpConnectException: java.net.ConnectException: Connection refused: no further information
2025-09-20 16:21:34,449 INFO o.s.a.r.l.SimpleMessageListenerContainer$AsyncMessageProcessingConsumer [rabbit-simple-21] Restarting Consumer@4d83ff16: tags=[[]], channel=null, acknowledgeMode=AUTO local queue size=0
2025-09-20 16:21:34,451 INFO o.s.a.r.c.AbstractConnectionFactory [rabbit-simple-22] Attempting to connect to: [localhost:5672]
2025-09-20 16:21:34,481 ERROR o.s.a.r.l.AbstractMessageListenerContainer [rabbit-simple-22] Failed to check/redeclare auto-delete queue(s).
2025-09-20 16:21:34,482 INFO o.s.a.r.c.AbstractConnectionFactory [rabbit-simple-22] Attempting to connect to: [localhost:5672]
2025-09-20 16:21:39,623 WARN o.s.a.r.l.SimpleMessageListenerContainer$AsyncMessageProcessingConsumer [rabbit-simple-22] Consumer raised exception, processing can restart if the connection factory supports it. Exception summary: org.springframework.amqp.AmqpConnectException: java.net.ConnectException: Connection refused: no further information
2025-09-20 16:21:39,624 INFO o.s.a.r.l.SimpleMessageListenerContainer$AsyncMessageProcessingConsumer [rabbit-simple-22] Restarting Consumer@2006b537: tags=[[]], channel=null, acknowledgeMode=AUTO local queue size=0
2025-09-20 16:21:39,624 INFO o.s.a.r.c.AbstractConnectionFactory [rabbit-simple-23] Attempting to connect to: [localhost:5672]
2025-09-20 16:21:39,626 ERROR o.s.a.r.l.AbstractMessageListenerContainer [rabbit-simple-23] Failed to check/redeclare auto-delete queue(s).
2025-09-20 16:21:39,626 INFO o.s.a.r.c.AbstractConnectionFactory [rabbit-simple-23] Attempting to connect to: [localhost:5672]
2025-09-20 16:21:44,802 WARN o.s.a.r.l.SimpleMessageListenerContainer$AsyncMessageProcessingConsumer [rabbit-simple-23] Consumer raised exception, processing can restart if the connection factory supports it. Exception summary: org.springframework.amqp.AmqpConnectException: java.net.ConnectException: Connection refused: no further information
2025-09-20 16:21:44,802 INFO o.s.a.r.l.SimpleMessageListenerContainer$AsyncMessageProcessingConsumer [rabbit-simple-23] Restarting Consumer@296ba724: tags=[[]], channel=null, acknowledgeMode=AUTO local queue size=0
2025-09-20 16:21:44,804 INFO o.s.a.r.c.AbstractConnectionFactory [rabbit-simple-24] Attempting to connect to: [localhost:5672]
2025-09-20 16:21:44,808 ERROR o.s.a.r.l.AbstractMessageListenerContainer [rabbit-simple-24] Failed to check/redeclare auto-delete queue(s).
2025-09-20 16:21:44,808 INFO o.s.a.r.c.AbstractConnectionFactory [rabbit-simple-24] Attempting to connect to: [localhost:5672]
2025-09-20 16:21:49,993 WARN o.s.a.r.l.SimpleMessageListenerContainer$AsyncMessageProcessingConsumer [rabbit-simple-24] Consumer raised exception, processing can restart if the connection factory supports it. Exception summary: org.springframework.amqp.AmqpConnectException: java.net.ConnectException: Connection refused: no further information
2025-09-20 16:21:49,993 INFO o.s.a.r.l.SimpleMessageListenerContainer$AsyncMessageProcessingConsumer [rabbit-simple-24] Restarting Consumer@7a525fa: tags=[[]], channel=null, acknowledgeMode=AUTO local queue size=0
2025-09-20 16:21:49,995 INFO o.s.a.r.c.AbstractConnectionFactory [rabbit-simple-25] Attempting to connect to: [localhost:5672]
2025-09-20 16:21:50,024 ERROR o.s.a.r.l.AbstractMessageListenerContainer [rabbit-simple-25] Failed to check/redeclare auto-delete queue(s).
2025-09-20 16:21:50,025 INFO o.s.a.r.c.AbstractConnectionFactory [rabbit-simple-25] Attempting to connect to: [localhost:5672]
2025-09-20 16:21:55,202 WARN o.s.a.r.l.SimpleMessageListenerContainer$AsyncMessageProcessingConsumer [rabbit-simple-25] Consumer raised exception, processing can restart if the connection factory supports it. Exception summary: org.springframework.amqp.AmqpConnectException: java.net.ConnectException: Connection refused: no further information
2025-09-20 16:21:55,202 INFO o.s.a.r.l.SimpleMessageListenerContainer$AsyncMessageProcessingConsumer [rabbit-simple-25] Restarting Consumer@730f4bfe: tags=[[]], channel=null, acknowledgeMode=AUTO local queue size=0
2025-09-20 16:21:55,203 INFO o.s.a.r.c.AbstractConnectionFactory [rabbit-simple-26] Attempting to connect to: [localhost:5672]
2025-09-20 16:21:55,217 ERROR o.s.a.r.l.AbstractMessageListenerContainer [rabbit-simple-26] Failed to check/redeclare auto-delete queue(s).
2025-09-20 16:21:55,217 INFO o.s.a.r.c.AbstractConnectionFactory [rabbit-simple-26] Attempting to connect to: [localhost:5672]
2025-09-20 16:22:00,371 WARN o.s.a.r.l.SimpleMessageListenerContainer$AsyncMessageProcessingConsumer [rabbit-simple-26] Consumer raised exception, processing can restart if the connection factory supports it. Exception summary: org.springframework.amqp.AmqpConnectException: java.net.ConnectException: Connection refused: no further information
2025-09-20 16:22:00,371 INFO o.s.a.r.l.SimpleMessageListenerContainer$AsyncMessageProcessingConsumer [rabbit-simple-26] Restarting Consumer@14ec4d44: tags=[[]], channel=null, acknowledgeMode=AUTO local queue size=0
2025-09-20 16:22:00,372 INFO o.s.a.r.c.AbstractConnectionFactory [rabbit-simple-27] Attempting to connect to: [localhost:5672]
2025-09-20 16:22:00,403 ERROR o.s.a.r.l.AbstractMessageListenerContainer [rabbit-simple-27] Failed to check/redeclare auto-delete queue(s).
2025-09-20 16:22:00,403 INFO o.s.a.r.c.AbstractConnectionFactory [rabbit-simple-27] Attempting to connect to: [localhost:5672]
2025-09-20 16:22:05,549 WARN o.s.a.r.l.SimpleMessageListenerContainer$AsyncMessageProcessingConsumer [rabbit-simple-27] Consumer raised exception, processing can restart if the connection factory supports it. Exception summary: org.springframework.amqp.AmqpConnectException: java.net.ConnectException: Connection refused: no further information
2025-09-20 16:22:05,549 INFO o.s.a.r.l.SimpleMessageListenerContainer$AsyncMessageProcessingConsumer [rabbit-simple-27] Restarting Consumer@1e81af91: tags=[[]], channel=null, acknowledgeMode=AUTO local queue size=0
2025-09-20 16:22:05,551 INFO o.s.a.r.c.AbstractConnectionFactory [rabbit-simple-28] Attempting to connect to: [localhost:5672]
2025-09-20 16:22:05,564 ERROR o.s.a.r.l.AbstractMessageListenerContainer [rabbit-simple-28] Failed to check/redeclare auto-delete queue(s).
2025-09-20 16:22:05,564 INFO o.s.a.r.c.AbstractConnectionFactory [rabbit-simple-28] Attempting to connect to: [localhost:5672]
2025-09-20 16:22:10,762 WARN o.s.a.r.l.SimpleMessageListenerContainer$AsyncMessageProcessingConsumer [rabbit-simple-28] Consumer raised exception, processing can restart if the connection factory supports it. Exception summary: org.springframework.amqp.AmqpConnectException: java.net.ConnectException: Connection refused: no further information
2025-09-20 16:22:10,762 INFO o.s.a.r.l.SimpleMessageListenerContainer$AsyncMessageProcessingConsumer [rabbit-simple-28] Restarting Consumer@2996b3ec: tags=[[]], channel=null, acknowledgeMode=AUTO local queue size=0
2025-09-20 16:22:10,764 INFO o.s.a.r.c.AbstractConnectionFactory [rabbit-simple-29] Attempting to connect to: [localhost:5672]
2025-09-20 16:22:10,766 ERROR o.s.a.r.l.AbstractMessageListenerContainer [rabbit-simple-29] Failed to check/redeclare auto-delete queue(s).
2025-09-20 16:22:10,766 INFO o.s.a.r.c.AbstractConnectionFactory [rabbit-simple-29] Attempting to connect to: [localhost:5672]
2025-09-20 16:22:15,891 WARN o.s.a.r.l.SimpleMessageListenerContainer$AsyncMessageProcessingConsumer [rabbit-simple-29] Consumer raised exception, processing can restart if the connection factory supports it. Exception summary: org.springframework.amqp.AmqpConnectException: java.net.ConnectException: Connection refused: no further information
2025-09-20 16:22:15,891 INFO o.s.a.r.l.SimpleMessageListenerContainer$AsyncMessageProcessingConsumer [rabbit-simple-29] Restarting Consumer@49a854e: tags=[[]], channel=null, acknowledgeMode=AUTO local queue size=0
2025-09-20 16:22:15,892 INFO o.s.a.r.c.AbstractConnectionFactory [rabbit-simple-30] Attempting to connect to: [localhost:5672]
2025-09-20 16:22:15,907 ERROR o.s.a.r.l.AbstractMessageListenerContainer [rabbit-simple-30] Failed to check/redeclare auto-delete queue(s).
2025-09-20 16:22:15,907 INFO o.s.a.r.c.AbstractConnectionFactory [rabbit-simple-30] Attempting to connect to: [localhost:5672]
2025-09-20 16:22:20,995 WARN o.s.a.r.l.SimpleMessageListenerContainer$AsyncMessageProcessingConsumer [rabbit-simple-30] Consumer raised exception, processing can restart if the connection factory supports it. Exception summary: org.springframework.amqp.AmqpConnectException: java.net.ConnectException: Connection refused: no further information
2025-09-20 16:22:20,995 INFO o.s.a.r.l.SimpleMessageListenerContainer$AsyncMessageProcessingConsumer [rabbit-simple-30] Restarting Consumer@1374b6ee: tags=[[]], channel=null, acknowledgeMode=AUTO local queue size=0
2025-09-20 16:22:20,997 INFO o.s.a.r.c.AbstractConnectionFactory [rabbit-simple-31] Attempting to connect to: [localhost:5672]
2025-09-20 16:22:20,999 ERROR o.s.a.r.l.AbstractMessageListenerContainer [rabbit-simple-31] Failed to check/redeclare auto-delete queue(s).
2025-09-20 16:22:20,999 INFO o.s.a.r.c.AbstractConnectionFactory [rabbit-simple-31] Attempting to connect to: [localhost:5672]
2025-09-20 16:22:26,160 WARN o.s.a.r.l.SimpleMessageListenerContainer$AsyncMessageProcessingConsumer [rabbit-simple-31] Consumer raised exception, processing can restart if the connection factory supports it. Exception summary: org.springframework.amqp.AmqpConnectException: java.net.ConnectException: Connection refused: no further information
2025-09-20 16:22:26,161 INFO o.s.a.r.l.SimpleMessageListenerContainer$AsyncMessageProcessingConsumer [rabbit-simple-31] Restarting Consumer@5d205c11: tags=[[]], channel=null, acknowledgeMode=AUTO local queue size=0
2025-09-20 16:22:26,162 INFO o.s.a.r.c.AbstractConnectionFactory [rabbit-simple-32] Attempting to connect to: [localhost:5672]
2025-09-20 16:22:26,175 ERROR o.s.a.r.l.AbstractMessageListenerContainer [rabbit-simple-32] Failed to check/redeclare auto-delete queue(s).
2025-09-20 16:22:26,175 INFO o.s.a.r.c.AbstractConnectionFactory [rabbit-simple-32] Attempting to connect to: [localhost:5672]
2025-09-20 16:22:31,364 WARN o.s.a.r.l.SimpleMessageListenerContainer$AsyncMessageProcessingConsumer [rabbit-simple-32] Consumer raised exception, processing can restart if the connection factory supports it. Exception summary: org.springframework.amqp.AmqpConnectException: java.net.ConnectException: Connection refused: no further information
2025-09-20 16:22:31,365 INFO o.s.a.r.l.SimpleMessageListenerContainer$AsyncMessageProcessingConsumer [rabbit-simple-32] Restarting Consumer@1683f924: tags=[[]], channel=null, acknowledgeMode=AUTO local queue size=0
2025-09-20 16:22:31,366 INFO o.s.a.r.c.AbstractConnectionFactory [rabbit-simple-33] Attempting to connect to: [localhost:5672]
2025-09-20 16:22:31,379 ERROR o.s.a.r.l.AbstractMessageListenerContainer [rabbit-simple-33] Failed to check/redeclare auto-delete queue(s).
2025-09-20 16:22:31,380 INFO o.s.a.r.c.AbstractConnectionFactory [rabbit-simple-33] Attempting to connect to: [localhost:5672]
2025-09-20 16:22:36,382 WARN o.s.a.r.l.SimpleMessageListenerContainer$AsyncMessageProcessingConsumer [rabbit-simple-33] Consumer raised exception, processing can restart if the connection factory supports it. Exception summary: org.springframework.amqp.AmqpConnectException: java.net.ConnectException: Connection refused: no further information
2025-09-20 16:22:36,383 INFO o.s.a.r.l.SimpleMessageListenerContainer$AsyncMessageProcessingConsumer [rabbit-simple-33] Restarting Consumer@3bd397ee: tags=[[]], channel=null, acknowledgeMode=AUTO local queue size=0
2025-09-20 16:22:36,384 INFO o.s.a.r.c.AbstractConnectionFactory [rabbit-simple-34] Attempting to connect to: [localhost:5672]
2025-09-20 16:22:36,386 ERROR o.s.a.r.l.AbstractMessageListenerContainer [rabbit-simple-34] Failed to check/redeclare auto-delete queue(s).
2025-09-20 16:22:36,387 INFO o.s.a.r.c.AbstractConnectionFactory [rabbit-simple-34] Attempting to connect to: [localhost:5672]
2025-09-20 16:22:41,410 WARN o.s.a.r.l.SimpleMessageListenerContainer$AsyncMessageProcessingConsumer [rabbit-simple-34] Consumer raised exception, processing can restart if the connection factory supports it. Exception summary: org.springframework.amqp.AmqpConnectException: java.net.ConnectException: Connection refused: no further information
2025-09-20 16:22:41,410 INFO o.s.a.r.l.SimpleMessageListenerContainer$AsyncMessageProcessingConsumer [rabbit-simple-34] Restarting Consumer@11b6cd40: tags=[[]], channel=null, acknowledgeMode=AUTO local queue size=0
2025-09-20 16:22:41,412 INFO o.s.a.r.c.AbstractConnectionFactory [rabbit-simple-35] Attempting to connect to: [localhost:5672]
2025-09-20 16:22:41,425 ERROR o.s.a.r.l.AbstractMessageListenerContainer [rabbit-simple-35] Failed to check/redeclare auto-delete queue(s).
2025-09-20 16:22:41,425 INFO o.s.a.r.c.AbstractConnectionFactory [rabbit-simple-35] Attempting to connect to: [localhost:5672]
2025-09-20 16:22:46,607 WARN o.s.a.r.l.SimpleMessageListenerContainer$AsyncMessageProcessingConsumer [rabbit-simple-35] Consumer raised exception, processing can restart if the connection factory supports it. Exception summary: org.springframework.amqp.AmqpConnectException: java.net.ConnectException: Connection refused: no further information
2025-09-20 16:22:46,607 INFO o.s.a.r.l.SimpleMessageListenerContainer$AsyncMessageProcessingConsumer [rabbit-simple-35] Restarting Consumer@c74de49: tags=[[]], channel=null, acknowledgeMode=AUTO local queue size=0
2025-09-20 16:22:46,608 INFO o.s.a.r.c.AbstractConnectionFactory [rabbit-simple-36] Attempting to connect to: [localhost:5672]
2025-09-20 16:22:46,623 ERROR o.s.a.r.l.AbstractMessageListenerContainer [rabbit-simple-36] Failed to check/redeclare auto-delete queue(s).
2025-09-20 16:22:46,623 INFO o.s.a.r.c.AbstractConnectionFactory [rabbit-simple-36] Attempting to connect to: [localhost:5672]
2025-09-20 16:22:51,742 WARN o.s.a.r.l.SimpleMessageListenerContainer$AsyncMessageProcessingConsumer [rabbit-simple-36] Consumer raised exception, processing can restart if the connection factory supports it. Exception summary: org.springframework.amqp.AmqpConnectException: java.net.ConnectException: Connection refused: no further information
2025-09-20 16:22:51,742 INFO o.s.a.r.l.SimpleMessageListenerContainer$AsyncMessageProcessingConsumer [rabbit-simple-36] Restarting Consumer@6f5e5898: tags=[[]], channel=null, acknowledgeMode=AUTO local queue size=0
2025-09-20 16:22:51,744 INFO o.s.a.r.c.AbstractConnectionFactory [rabbit-simple-37] Attempting to connect to: [localhost:5672]
2025-09-20 16:22:51,747 ERROR o.s.a.r.l.AbstractMessageListenerContainer [rabbit-simple-37] Failed to check/redeclare auto-delete queue(s).
2025-09-20 16:22:51,748 INFO o.s.a.r.c.AbstractConnectionFactory [rabbit-simple-37] Attempting to connect to: [localhost:5672]
2025-09-20 16:22:56,859 WARN o.s.a.r.l.SimpleMessageListenerContainer$AsyncMessageProcessingConsumer [rabbit-simple-37] Consumer raised exception, processing can restart if the connection factory supports it. Exception summary: org.springframework.amqp.AmqpConnectException: java.net.ConnectException: Connection refused: no further information
2025-09-20 16:22:56,860 INFO o.s.a.r.l.SimpleMessageListenerContainer$AsyncMessageProcessingConsumer [rabbit-simple-37] Restarting Consumer@58c7b389: tags=[[]], channel=null, acknowledgeMode=AUTO local queue size=0
2025-09-20 16:22:56,862 INFO o.s.a.r.c.AbstractConnectionFactory [rabbit-simple-38] Attempting to connect to: [localhost:5672]
2025-09-20 16:22:56,865 ERROR o.s.a.r.l.AbstractMessageListenerContainer [rabbit-simple-38] Failed to check/redeclare auto-delete queue(s).
2025-09-20 16:22:56,865 INFO o.s.a.r.c.AbstractConnectionFactory [rabbit-simple-38] Attempting to connect to: [localhost:5672]
2025-09-20 16:23:02,000 WARN o.s.a.r.l.SimpleMessageListenerContainer$AsyncMessageProcessingConsumer [rabbit-simple-38] Consumer raised exception, processing can restart if the connection factory supports it. Exception summary: org.springframework.amqp.AmqpConnectException: java.net.ConnectException: Connection refused: no further information
2025-09-20 16:23:02,000 INFO o.s.a.r.l.SimpleMessageListenerContainer$AsyncMessageProcessingConsumer [rabbit-simple-38] Restarting Consumer@3d5b299b: tags=[[]], channel=null, acknowledgeMode=AUTO local queue size=0
2025-09-20 16:23:02,001 INFO o.s.a.r.c.AbstractConnectionFactory [rabbit-simple-39] Attempting to connect to: [localhost:5672]
2025-09-20 16:23:02,018 ERROR o.s.a.r.l.AbstractMessageListenerContainer [rabbit-simple-39] Failed to check/redeclare auto-delete queue(s).
2025-09-20 16:23:02,018 INFO o.s.a.r.c.AbstractConnectionFactory [rabbit-simple-39] Attempting to connect to: [localhost:5672]
2025-09-20 16:23:07,107 WARN o.s.a.r.l.SimpleMessageListenerContainer$AsyncMessageProcessingConsumer [rabbit-simple-39] Consumer raised exception, processing can restart if the connection factory supports it. Exception summary: org.springframework.amqp.AmqpConnectException: java.net.ConnectException: Connection refused: no further information
2025-09-20 16:23:07,107 INFO o.s.a.r.l.SimpleMessageListenerContainer$AsyncMessageProcessingConsumer [rabbit-simple-39] Restarting Consumer@c712f44: tags=[[]], channel=null, acknowledgeMode=AUTO local queue size=0
2025-09-20 16:23:07,109 INFO o.s.a.r.c.AbstractConnectionFactory [rabbit-simple-40] Attempting to connect to: [localhost:5672]
2025-09-20 16:23:07,111 ERROR o.s.a.r.l.AbstractMessageListenerContainer [rabbit-simple-40] Failed to check/redeclare auto-delete queue(s).
2025-09-20 16:23:07,112 INFO o.s.a.r.c.AbstractConnectionFactory [rabbit-simple-40] Attempting to connect to: [localhost:5672]
2025-09-20 16:23:12,208 WARN o.s.a.r.l.SimpleMessageListenerContainer$AsyncMessageProcessingConsumer [rabbit-simple-40] Consumer raised exception, processing can restart if the connection factory supports it. Exception summary: org.springframework.amqp.AmqpConnectException: java.net.ConnectException: Connection refused: no further information
2025-09-20 16:23:12,208 INFO o.s.a.r.l.SimpleMessageListenerContainer$AsyncMessageProcessingConsumer [rabbit-simple-40] Restarting Consumer@452b7c41: tags=[[]], channel=null, acknowledgeMode=AUTO local queue size=0
2025-09-20 16:23:12,210 INFO o.s.a.r.c.AbstractConnectionFactory [rabbit-simple-41] Attempting to connect to: [localhost:5672]
2025-09-20 16:23:12,224 ERROR o.s.a.r.l.AbstractMessageListenerContainer [rabbit-simple-41] Failed to check/redeclare auto-delete queue(s).
2025-09-20 16:23:12,224 INFO o.s.a.r.c.AbstractConnectionFactory [rabbit-simple-41] Attempting to connect to: [localhost:5672]
2025-09-20 16:23:17,417 WARN o.s.a.r.l.SimpleMessageListenerContainer$AsyncMessageProcessingConsumer [rabbit-simple-41] Consumer raised exception, processing can restart if the connection factory supports it. Exception summary: org.springframework.amqp.AmqpConnectException: java.net.ConnectException: Connection refused: no further information
2025-09-20 16:23:17,417 INFO o.s.a.r.l.SimpleMessageListenerContainer$AsyncMessageProcessingConsumer [rabbit-simple-41] Restarting Consumer@783a0e5: tags=[[]], channel=null, acknowledgeMode=AUTO local queue size=0
2025-09-20 16:23:17,418 INFO o.s.a.r.c.AbstractConnectionFactory [rabbit-simple-42] Attempting to connect to: [localhost:5672]
2025-09-20 16:23:17,448 ERROR o.s.a.r.l.AbstractMessageListenerContainer [rabbit-simple-42] Failed to check/redeclare auto-delete queue(s).
2025-09-20 16:23:17,448 INFO o.s.a.r.c.AbstractConnectionFactory [rabbit-simple-42] Attempting to connect to: [localhost:5672]
2025-09-20 16:23:22,571 WARN o.s.a.r.l.SimpleMessageListenerContainer$AsyncMessageProcessingConsumer [rabbit-simple-42] Consumer raised exception, processing can restart if the connection factory supports it. Exception summary: org.springframework.amqp.AmqpConnectException: java.net.ConnectException: Connection refused: no further information
2025-09-20 16:23:22,571 INFO o.s.a.r.l.SimpleMessageListenerContainer$AsyncMessageProcessingConsumer [rabbit-simple-42] Restarting Consumer@395601dd: tags=[[]], channel=null, acknowledgeMode=AUTO local queue size=0
2025-09-20 16:23:22,573 INFO o.s.a.r.c.AbstractConnectionFactory [rabbit-simple-43] Attempting to connect to: [localhost:5672]
2025-09-20 16:23:22,587 ERROR o.s.a.r.l.AbstractMessageListenerContainer [rabbit-simple-43] Failed to check/redeclare auto-delete queue(s).
2025-09-20 16:23:22,588 INFO o.s.a.r.c.AbstractConnectionFactory [rabbit-simple-43] Attempting to connect to: [localhost:5672]
2025-09-20 16:23:27,774 WARN o.s.a.r.l.SimpleMessageListenerContainer$AsyncMessageProcessingConsumer [rabbit-simple-43] Consumer raised exception, processing can restart if the connection factory supports it. Exception summary: org.springframework.amqp.AmqpConnectException: java.net.ConnectException: Connection refused: no further information
2025-09-20 16:23:27,775 INFO o.s.a.r.l.SimpleMessageListenerContainer$AsyncMessageProcessingConsumer [rabbit-simple-43] Restarting Consumer@726d8253: tags=[[]], channel=null, acknowledgeMode=AUTO local queue size=0
2025-09-20 16:23:27,776 INFO o.s.a.r.c.AbstractConnectionFactory [rabbit-simple-44] Attempting to connect to: [localhost:5672]
2025-09-20 16:23:27,805 ERROR o.s.a.r.l.AbstractMessageListenerContainer [rabbit-simple-44] Failed to check/redeclare auto-delete queue(s).
2025-09-20 16:23:27,805 INFO o.s.a.r.c.AbstractConnectionFactory [rabbit-simple-44] Attempting to connect to: [localhost:5672]
2025-09-20 16:23:32,937 WARN o.s.a.r.l.SimpleMessageListenerContainer$AsyncMessageProcessingConsumer [rabbit-simple-44] Consumer raised exception, processing can restart if the connection factory supports it. Exception summary: org.springframework.amqp.AmqpConnectException: java.net.ConnectException: Connection refused: no further information
2025-09-20 16:23:32,937 INFO o.s.a.r.l.SimpleMessageListenerContainer$AsyncMessageProcessingConsumer [rabbit-simple-44] Restarting Consumer@6f53c0c5: tags=[[]], channel=null, acknowledgeMode=AUTO local queue size=0
2025-09-20 16:23:32,941 INFO o.s.a.r.c.AbstractConnectionFactory [rabbit-simple-45] Attempting to connect to: [localhost:5672]
2025-09-20 16:23:32,945 ERROR o.s.a.r.l.AbstractMessageListenerContainer [rabbit-simple-45] Failed to check/redeclare auto-delete queue(s).
2025-09-20 16:23:32,945 INFO o.s.a.r.c.AbstractConnectionFactory [rabbit-simple-45] Attempting to connect to: [localhost:5672]
2025-09-20 16:25:23,232 INFO o.h.v.i.u.Version [background-preinit] HV000001: Hibernate Validator 8.0.1.Final
2025-09-20 16:25:23,340 INFO o.s.b.StartupInfoLogger [main] Starting Bootstrap using Java 21 with PID 40984 (C:\Users\koliveiras\workspace-study\ms-reservation-inventory\target\classes started by koliveiras in C:\Users\koliveiras\workspace-study\ms-reservation-inventory)
2025-09-20 16:25:23,341 DEBUG o.s.b.StartupInfoLogger [main] Running with Spring Boot v3.3.5, Spring v6.1.14
2025-09-20 16:25:23,343 INFO o.s.b.SpringApplication [main] The following 1 profile is active: "dev"
2025-09-20 16:25:25,818 INFO o.s.d.r.c.RepositoryConfigurationDelegate [main] Bootstrapping Spring Data JPA repositories in DEFAULT mode.
2025-09-20 16:25:26,187 INFO o.s.d.r.c.RepositoryConfigurationDelegate [main] Finished Spring Data repository scanning in 357 ms. Found 2 JPA repository interfaces.
2025-09-20 16:25:26,787 INFO o.s.c.c.s.GenericScope [main] BeanFactory id=a8a0d036-9d50-3b46-8703-5cd352c509c5
2025-09-20 16:25:27,854 INFO o.s.b.w.e.t.TomcatWebServer [main] Tomcat initialized with port 8081 (http)
2025-09-20 16:25:27,876 INFO o.a.j.l.DirectJDKLog [main] Initializing ProtocolHandler ["http-nio-8081"]
2025-09-20 16:25:27,884 INFO o.a.j.l.DirectJDKLog [main] Starting service [Tomcat]
2025-09-20 16:25:27,884 INFO o.a.j.l.DirectJDKLog [main] Starting Servlet engine: [Apache Tomcat/10.1.31]
2025-09-20 16:25:28,041 INFO o.a.j.l.DirectJDKLog [main] Initializing Spring embedded WebApplicationContext
2025-09-20 16:25:28,044 INFO o.s.b.w.s.c.ServletWebServerApplicationContext [main] Root WebApplicationContext: initialization completed in 4560 ms
2025-09-20 16:25:28,117 INFO c.z.h.HikariDataSource [main] HikariPool-1 - Starting...
2025-09-20 16:25:28,553 INFO c.z.h.p.HikariPool [main] HikariPool-1 - Added connection conn0: url=jdbc:h2:mem:testdb user=SA
2025-09-20 16:25:28,557 INFO c.z.h.HikariDataSource [main] HikariPool-1 - Start completed.
2025-09-20 16:25:28,584 INFO o.s.b.a.h.H2ConsoleAutoConfiguration [main] H2 console available at '/h2-console'. Database available at 'jdbc:h2:mem:testdb'
2025-09-20 16:25:28,902 INFO o.h.j.i.u.LogHelper [main] HHH000204: Processing PersistenceUnitInfo [name: default]
2025-09-20 16:25:29,068 INFO o.h.Version [main] HHH000412: Hibernate ORM core version 6.5.3.Final
2025-09-20 16:25:29,195 INFO o.h.c.i.RegionFactoryInitiator [main] HHH000026: Second-level cache disabled
2025-09-20 16:25:29,985 INFO o.s.o.j.p.SpringPersistenceUnitInfo [main] No LoadTimeWeaver setup: ignoring JPA class transformer
2025-09-20 16:25:30,095 WARN o.h.e.j.d.i.DialectFactoryImpl [main] HHH90000025: H2Dialect does not need to be specified explicitly using 'hibernate.dialect' (remove the property setting and it will be selected by default)
2025-09-20 16:25:32,353 INFO o.h.e.t.j.p.i.JtaPlatformInitiator [main] HHH000489: No JTA platform available (set 'hibernate.transaction.jta.platform' to enable JTA platform integration)
2025-09-20 16:25:32,440 INFO o.s.o.j.AbstractEntityManagerFactoryBean [main] Initialized JPA EntityManagerFactory for persistence unit 'default'
2025-09-20 16:25:32,840 WARN o.s.b.a.o.j.JpaBaseConfiguration$JpaWebConfiguration [main] spring.jpa.open-in-view is enabled by default. Therefore, database queries may be performed during view rendering. Explicitly configure spring.jpa.open-in-view to disable this warning
2025-09-20 16:25:33,551 INFO o.s.d.j.r.q.QueryEnhancerFactory [main] Hibernate is in classpath; If applicable, HQL parser will be used.
2025-09-20 16:25:36,669 INFO o.s.g.e.DefaultSchemaResourceGraphQlSourceBuilder [main] Loaded 1 resource(s) in the GraphQL schema.
2025-09-20 16:25:37,402 INFO o.s.g.e.DefaultSchemaResourceGraphQlSourceBuilder [main] GraphQL schema inspection:
	Unmapped fields: {Query=[_empty]}
	Unmapped registrations: {}
	Unmapped arguments: {}
	Skipped types: []
2025-09-20 16:25:37,464 INFO o.s.b.a.g.s.GraphQlWebMvcAutoConfiguration [main] GraphQL endpoint HTTP POST /graphql
2025-09-20 16:25:38,240 INFO o.a.j.l.DirectJDKLog [main] Starting ProtocolHandler ["http-nio-8081"]
2025-09-20 16:25:38,407 INFO o.s.b.w.e.t.TomcatWebServer [main] Tomcat started on port 8081 (http) with context path '/'
2025-09-20 16:25:38,429 INFO o.s.a.r.c.AbstractConnectionFactory [main] Attempting to connect to: [localhost:5672]
2025-09-20 16:25:38,451 INFO o.s.a.r.l.AbstractMessageListenerContainer [main] Broker not available; cannot force queue declarations during start: java.net.ConnectException: Connection refused: no further information
2025-09-20 16:25:38,490 INFO o.s.a.r.c.AbstractConnectionFactory [rabbit-simple-0] Attempting to connect to: [localhost:5672]
2025-09-20 16:25:38,496 ERROR o.s.a.r.l.AbstractMessageListenerContainer [rabbit-simple-0] Failed to check/redeclare auto-delete queue(s).
org.springframework.amqp.AmqpConnectException: java.net.ConnectException: Connection refused: no further information
	at org.springframework.amqp.rabbit.support.RabbitExceptionTranslator.convertRabbitAccessException(RabbitExceptionTranslator.java:61)
	at org.springframework.amqp.rabbit.connection.AbstractConnectionFactory.createBareConnection(AbstractConnectionFactory.java:622)
	at org.springframework.amqp.rabbit.connection.CachingConnectionFactory.createConnection(CachingConnectionFactory.java:726)
	at org.springframework.amqp.rabbit.connection.ConnectionFactoryUtils.createConnection(ConnectionFactoryUtils.java:257)
	at org.springframework.amqp.rabbit.core.RabbitTemplate.doExecute(RabbitTemplate.java:2249)
	at org.springframework.amqp.rabbit.core.RabbitTemplate.execute(RabbitTemplate.java:2222)
	at org.springframework.amqp.rabbit.core.RabbitTemplate.execute(RabbitTemplate.java:2202)
	at org.springframework.amqp.rabbit.core.RabbitAdmin.getQueueInfo(RabbitAdmin.java:467)
	at org.springframework.amqp.rabbit.core.RabbitAdmin.getQueueProperties(RabbitAdmin.java:451)
	at org.springframework.amqp.rabbit.listener.AbstractMessageListenerContainer.attemptDeclarations(AbstractMessageListenerContainer.java:1960)
	at org.springframework.amqp.rabbit.listener.AbstractMessageListenerContainer.redeclareElementsIfNecessary(AbstractMessageListenerContainer.java:1924)
	at org.springframework.amqp.rabbit.listener.SimpleMessageListenerContainer$AsyncMessageProcessingConsumer.initialize(SimpleMessageListenerContainer.java:1479)
	at org.springframework.amqp.rabbit.listener.SimpleMessageListenerContainer$AsyncMessageProcessingConsumer.run(SimpleMessageListenerContainer.java:1320)
	at java.base/java.lang.VirtualThread.run(VirtualThread.java:311)
Caused by: java.net.ConnectException: Connection refused: no further information
	at java.base/sun.nio.ch.Net.pollConnect(Native Method)
	at java.base/sun.nio.ch.Net.pollConnectNow(Net.java:682)
	at java.base/sun.nio.ch.NioSocketImpl.timedFinishConnect(NioSocketImpl.java:542)
	at java.base/sun.nio.ch.NioSocketImpl.connect(NioSocketImpl.java:592)
	at java.base/java.net.SocksSocketImpl.connect(SocksSocketImpl.java:327)
	at java.base/java.net.Socket.connect(Socket.java:751)
	at com.rabbitmq.client.impl.SocketFrameHandlerFactory.create(SocketFrameHandlerFactory.java:61)
	at com.rabbitmq.client.ConnectionFactory.newConnection(ConnectionFactory.java:1249)
	at com.rabbitmq.client.ConnectionFactory.newConnection(ConnectionFactory.java:1198)
	at org.springframework.amqp.rabbit.connection.AbstractConnectionFactory.connectAddresses(AbstractConnectionFactory.java:668)
	at org.springframework.amqp.rabbit.connection.AbstractConnectionFactory.connect(AbstractConnectionFactory.java:637)
	at org.springframework.amqp.rabbit.connection.AbstractConnectionFactory.createBareConnection(AbstractConnectionFactory.java:584)
	... 12 common frames omitted
2025-09-20 16:25:38,505 INFO o.s.a.r.c.AbstractConnectionFactory [rabbit-simple-0] Attempting to connect to: [localhost:5672]
2025-09-20 16:25:38,546 INFO o.s.b.StartupInfoLogger [main] Started Bootstrap in 16.571 seconds (process running for 18.435)
2025-09-20 16:25:43,608 WARN o.s.a.r.l.SimpleMessageListenerContainer$AsyncMessageProcessingConsumer [rabbit-simple-0] Consumer raised exception, processing can restart if the connection factory supports it. Exception summary: org.springframework.amqp.AmqpConnectException: java.net.ConnectException: Connection refused: no further information
2025-09-20 16:25:43,615 INFO o.s.a.r.l.SimpleMessageListenerContainer$AsyncMessageProcessingConsumer [rabbit-simple-0] Restarting Consumer@678f685f: tags=[[]], channel=null, acknowledgeMode=AUTO local queue size=0
2025-09-20 16:25:43,616 INFO o.s.a.r.c.AbstractConnectionFactory [rabbit-simple-1] Attempting to connect to: [localhost:5672]
2025-09-20 16:25:43,618 ERROR o.s.a.r.l.AbstractMessageListenerContainer [rabbit-simple-1] Failed to check/redeclare auto-delete queue(s).
2025-09-20 16:25:43,618 INFO o.s.a.r.c.AbstractConnectionFactory [rabbit-simple-1] Attempting to connect to: [localhost:5672]
2025-09-20 16:25:48,837 WARN o.s.a.r.l.SimpleMessageListenerContainer$AsyncMessageProcessingConsumer [rabbit-simple-1] Consumer raised exception, processing can restart if the connection factory supports it. Exception summary: org.springframework.amqp.AmqpConnectException: java.net.ConnectException: Connection refused: no further information
2025-09-20 16:25:48,846 INFO o.s.a.r.l.SimpleMessageListenerContainer$AsyncMessageProcessingConsumer [rabbit-simple-1] Restarting Consumer@5277b364: tags=[[]], channel=null, acknowledgeMode=AUTO local queue size=0
2025-09-20 16:25:48,850 INFO o.s.a.r.c.AbstractConnectionFactory [rabbit-simple-2] Attempting to connect to: [localhost:5672]
2025-09-20 16:25:48,873 ERROR o.s.a.r.l.AbstractMessageListenerContainer [rabbit-simple-2] Failed to check/redeclare auto-delete queue(s).
2025-09-20 16:25:48,874 INFO o.s.a.r.c.AbstractConnectionFactory [rabbit-simple-2] Attempting to connect to: [localhost:5672]
2025-09-20 16:25:52,537 INFO o.a.j.l.DirectJDKLog [tomcat-handler-0] Initializing Spring DispatcherServlet 'dispatcherServlet'
2025-09-20 16:25:52,537 INFO o.s.w.s.FrameworkServlet [tomcat-handler-0] Initializing Servlet 'dispatcherServlet'
2025-09-20 16:25:52,541 INFO o.s.w.s.FrameworkServlet [tomcat-handler-0] Completed initialization in 2 ms
2025-09-20 16:25:52,822 INFO c.e.a.i.UserResourceAdapterIn [tomcat-handler-0] Creating user: User{id=null, document='07876895050', name='Kenneth de Oliveira Soares', email='kennetholiveira2015@gmail.com', address=Address{id=null, street='null', city='null', state='null', postalCode='58051020'}}
2025-09-20 16:25:52,824 INFO c.e.a.o.CreateUserAdapterOut [tomcat-handler-0] Sending request to User Management Service to create user: User{id=null, document='07876895050', name='Kenneth de Oliveira Soares', email='kennetholiveira2015@gmail.com', address=Address{id=null, street='null', city='null', state='null', postalCode='58051020'}}
2025-09-20 16:25:53,276 INFO c.e.a.o.CreateUserAdapterOut [tomcat-handler-0] Created user in User Management Service: UserResponse(document=07876895050, name=Kenneth de Oliveira Soares, email=kennetholiveira2015@gmail.com, userAddressResponse=UserAddressResponse(street=Rua Hermelinda Henriques de Araújo, city=João Pessoa, state=PB, postalCode=58051-020))
2025-09-20 16:25:53,295 INFO c.e.a.i.UserResourceAdapterIn [tomcat-handler-0] Created user: User{id=null, document='07876895050', name='Kenneth de Oliveira Soares', email='kennetholiveira2015@gmail.com', address=Address{id=null, street='Rua Hermelinda Henriques de Araújo', city='João Pessoa', state='PB', postalCode='58051-020'}}
2025-09-20 16:25:53,906 WARN o.s.a.r.l.SimpleMessageListenerContainer$AsyncMessageProcessingConsumer [rabbit-simple-2] Consumer raised exception, processing can restart if the connection factory supports it. Exception summary: org.springframework.amqp.AmqpConnectException: java.net.ConnectException: Connection refused: no further information
2025-09-20 16:25:53,906 INFO o.s.a.r.l.SimpleMessageListenerContainer$AsyncMessageProcessingConsumer [rabbit-simple-2] Restarting Consumer@29379ee5: tags=[[]], channel=null, acknowledgeMode=AUTO local queue size=0
2025-09-20 16:25:53,908 INFO o.s.a.r.c.AbstractConnectionFactory [rabbit-simple-3] Attempting to connect to: [localhost:5672]
2025-09-20 16:25:53,910 ERROR o.s.a.r.l.AbstractMessageListenerContainer [rabbit-simple-3] Failed to check/redeclare auto-delete queue(s).
2025-09-20 16:25:53,910 INFO o.s.a.r.c.AbstractConnectionFactory [rabbit-simple-3] Attempting to connect to: [localhost:5672]
2025-09-20 16:25:59,096 WARN o.s.a.r.l.SimpleMessageListenerContainer$AsyncMessageProcessingConsumer [rabbit-simple-3] Consumer raised exception, processing can restart if the connection factory supports it. Exception summary: org.springframework.amqp.AmqpConnectException: java.net.ConnectException: Connection refused: no further information
2025-09-20 16:25:59,096 INFO o.s.a.r.l.SimpleMessageListenerContainer$AsyncMessageProcessingConsumer [rabbit-simple-3] Restarting Consumer@fb60212: tags=[[]], channel=null, acknowledgeMode=AUTO local queue size=0
2025-09-20 16:25:59,097 INFO o.s.a.r.c.AbstractConnectionFactory [rabbit-simple-4] Attempting to connect to: [localhost:5672]
2025-09-20 16:25:59,111 ERROR o.s.a.r.l.AbstractMessageListenerContainer [rabbit-simple-4] Failed to check/redeclare auto-delete queue(s).
2025-09-20 16:25:59,112 INFO o.s.a.r.c.AbstractConnectionFactory [rabbit-simple-4] Attempting to connect to: [localhost:5672]
2025-09-20 16:26:03,883 INFO o.s.a.r.l.SimpleMessageListenerContainer [rabbit-simple-5] Waiting for workers to finish.
2025-09-20 16:26:03,883 INFO o.s.a.r.l.SimpleMessageListenerContainer [rabbit-simple-5] Successfully waited for workers to finish.
2025-09-20 16:26:03,904 INFO o.s.o.j.AbstractEntityManagerFactoryBean [SpringApplicationShutdownHook] Closing JPA EntityManagerFactory for persistence unit 'default'
2025-09-20 16:26:03,912 INFO c.z.h.HikariDataSource [SpringApplicationShutdownHook] HikariPool-1 - Shutdown initiated...
2025-09-20 16:26:03,916 INFO c.z.h.HikariDataSource [SpringApplicationShutdownHook] HikariPool-1 - Shutdown completed.
2025-09-20 16:29:28,461 INFO o.h.v.i.u.Version [background-preinit] HV000001: Hibernate Validator 8.0.1.Final
2025-09-20 16:29:28,607 INFO o.s.b.StartupInfoLogger [main] Starting Bootstrap using Java 21 with PID 45584 (C:\Users\koliveiras\workspace-study\ms-reservation-inventory\target\classes started by koliveiras in C:\Users\koliveiras\workspace-study\ms-reservation-inventory)
2025-09-20 16:29:28,608 DEBUG o.s.b.StartupInfoLogger [main] Running with Spring Boot v3.3.5, Spring v6.1.14
2025-09-20 16:29:28,611 INFO o.s.b.SpringApplication [main] The following 1 profile is active: "dev"
2025-09-20 16:29:33,204 INFO o.s.d.r.c.RepositoryConfigurationDelegate [main] Bootstrapping Spring Data JPA repositories in DEFAULT mode.
2025-09-20 16:29:34,053 INFO o.s.d.r.c.RepositoryConfigurationDelegate [main] Finished Spring Data repository scanning in 810 ms. Found 2 JPA repository interfaces.
2025-09-20 16:29:35,078 INFO o.s.c.c.s.GenericScope [main] BeanFactory id=a8a0d036-9d50-3b46-8703-5cd352c509c5
2025-09-20 16:29:36,858 INFO o.s.b.w.e.t.TomcatWebServer [main] Tomcat initialized with port 8081 (http)
2025-09-20 16:29:36,888 INFO o.a.j.l.DirectJDKLog [main] Initializing ProtocolHandler ["http-nio-8081"]
2025-09-20 16:29:36,897 INFO o.a.j.l.DirectJDKLog [main] Starting service [Tomcat]
2025-09-20 16:29:36,898 INFO o.a.j.l.DirectJDKLog [main] Starting Servlet engine: [Apache Tomcat/10.1.31]
2025-09-20 16:29:37,108 INFO o.a.j.l.DirectJDKLog [main] Initializing Spring embedded WebApplicationContext
2025-09-20 16:29:37,113 INFO o.s.b.w.s.c.ServletWebServerApplicationContext [main] Root WebApplicationContext: initialization completed in 8335 ms
2025-09-20 16:29:37,181 INFO c.z.h.HikariDataSource [main] HikariPool-1 - Starting...
2025-09-20 16:29:37,893 INFO c.z.h.p.HikariPool [main] HikariPool-1 - Added connection conn0: url=jdbc:h2:mem:testdb user=SA
2025-09-20 16:29:37,900 INFO c.z.h.HikariDataSource [main] HikariPool-1 - Start completed.
2025-09-20 16:29:37,939 INFO o.s.b.a.h.H2ConsoleAutoConfiguration [main] H2 console available at '/h2-console'. Database available at 'jdbc:h2:mem:testdb'
2025-09-20 16:29:38,528 INFO o.h.j.i.u.LogHelper [main] HHH000204: Processing PersistenceUnitInfo [name: default]
2025-09-20 16:29:38,763 INFO o.h.Version [main] HHH000412: Hibernate ORM core version 6.5.3.Final
2025-09-20 16:29:38,908 INFO o.h.c.i.RegionFactoryInitiator [main] HHH000026: Second-level cache disabled
2025-09-20 16:29:40,271 INFO o.s.o.j.p.SpringPersistenceUnitInfo [main] No LoadTimeWeaver setup: ignoring JPA class transformer
2025-09-20 16:29:40,495 WARN o.h.e.j.d.i.DialectFactoryImpl [main] HHH90000025: H2Dialect does not need to be specified explicitly using 'hibernate.dialect' (remove the property setting and it will be selected by default)
2025-09-20 16:29:43,087 INFO o.h.e.t.j.p.i.JtaPlatformInitiator [main] HHH000489: No JTA platform available (set 'hibernate.transaction.jta.platform' to enable JTA platform integration)
2025-09-20 16:29:43,276 INFO o.s.o.j.AbstractEntityManagerFactoryBean [main] Initialized JPA EntityManagerFactory for persistence unit 'default'
2025-09-20 16:29:43,949 WARN o.s.b.a.o.j.JpaBaseConfiguration$JpaWebConfiguration [main] spring.jpa.open-in-view is enabled by default. Therefore, database queries may be performed during view rendering. Explicitly configure spring.jpa.open-in-view to disable this warning
2025-09-20 16:29:45,535 INFO o.s.d.j.r.q.QueryEnhancerFactory [main] Hibernate is in classpath; If applicable, HQL parser will be used.
2025-09-20 16:29:48,640 INFO o.s.g.e.DefaultSchemaResourceGraphQlSourceBuilder [main] Loaded 1 resource(s) in the GraphQL schema.
2025-09-20 16:29:49,312 INFO o.s.g.e.DefaultSchemaResourceGraphQlSourceBuilder [main] GraphQL schema inspection:
	Unmapped fields: {Query=[_empty]}
	Unmapped registrations: {}
	Unmapped arguments: {}
	Skipped types: []
2025-09-20 16:29:49,380 INFO o.s.b.a.g.s.GraphQlWebMvcAutoConfiguration [main] GraphQL endpoint HTTP POST /graphql
2025-09-20 16:29:50,100 INFO o.a.j.l.DirectJDKLog [main] Starting ProtocolHandler ["http-nio-8081"]
2025-09-20 16:29:50,244 INFO o.s.b.w.e.t.TomcatWebServer [main] Tomcat started on port 8081 (http) with context path '/'
2025-09-20 16:29:50,270 INFO o.s.a.r.c.AbstractConnectionFactory [main] Attempting to connect to: [localhost:5672]
2025-09-20 16:29:50,291 INFO o.s.a.r.l.AbstractMessageListenerContainer [main] Broker not available; cannot force queue declarations during start: java.net.ConnectException: Connection refused: no further information
2025-09-20 16:29:50,346 INFO o.s.a.r.c.AbstractConnectionFactory [rabbit-simple-0] Attempting to connect to: [localhost:5672]
2025-09-20 16:29:50,352 ERROR o.s.a.r.l.AbstractMessageListenerContainer [rabbit-simple-0] Failed to check/redeclare auto-delete queue(s).
org.springframework.amqp.AmqpConnectException: java.net.ConnectException: Connection refused: no further information
	at org.springframework.amqp.rabbit.support.RabbitExceptionTranslator.convertRabbitAccessException(RabbitExceptionTranslator.java:61)
	at org.springframework.amqp.rabbit.connection.AbstractConnectionFactory.createBareConnection(AbstractConnectionFactory.java:622)
	at org.springframework.amqp.rabbit.connection.CachingConnectionFactory.createConnection(CachingConnectionFactory.java:726)
	at org.springframework.amqp.rabbit.connection.ConnectionFactoryUtils.createConnection(ConnectionFactoryUtils.java:257)
	at org.springframework.amqp.rabbit.core.RabbitTemplate.doExecute(RabbitTemplate.java:2249)
	at org.springframework.amqp.rabbit.core.RabbitTemplate.execute(RabbitTemplate.java:2222)
	at org.springframework.amqp.rabbit.core.RabbitTemplate.execute(RabbitTemplate.java:2202)
	at org.springframework.amqp.rabbit.core.RabbitAdmin.getQueueInfo(RabbitAdmin.java:467)
	at org.springframework.amqp.rabbit.core.RabbitAdmin.getQueueProperties(RabbitAdmin.java:451)
	at org.springframework.amqp.rabbit.listener.AbstractMessageListenerContainer.attemptDeclarations(AbstractMessageListenerContainer.java:1960)
	at org.springframework.amqp.rabbit.listener.AbstractMessageListenerContainer.redeclareElementsIfNecessary(AbstractMessageListenerContainer.java:1924)
	at org.springframework.amqp.rabbit.listener.SimpleMessageListenerContainer$AsyncMessageProcessingConsumer.initialize(SimpleMessageListenerContainer.java:1479)
	at org.springframework.amqp.rabbit.listener.SimpleMessageListenerContainer$AsyncMessageProcessingConsumer.run(SimpleMessageListenerContainer.java:1320)
	at java.base/java.lang.VirtualThread.run(VirtualThread.java:311)
Caused by: java.net.ConnectException: Connection refused: no further information
	at java.base/sun.nio.ch.Net.pollConnect(Native Method)
	at java.base/sun.nio.ch.Net.pollConnectNow(Net.java:682)
	at java.base/sun.nio.ch.NioSocketImpl.timedFinishConnect(NioSocketImpl.java:542)
	at java.base/sun.nio.ch.NioSocketImpl.connect(NioSocketImpl.java:592)
	at java.base/java.net.SocksSocketImpl.connect(SocksSocketImpl.java:327)
	at java.base/java.net.Socket.connect(Socket.java:751)
	at com.rabbitmq.client.impl.SocketFrameHandlerFactory.create(SocketFrameHandlerFactory.java:61)
	at com.rabbitmq.client.ConnectionFactory.newConnection(ConnectionFactory.java:1249)
	at com.rabbitmq.client.ConnectionFactory.newConnection(ConnectionFactory.java:1198)
	at org.springframework.amqp.rabbit.connection.AbstractConnectionFactory.connectAddresses(AbstractConnectionFactory.java:668)
	at org.springframework.amqp.rabbit.connection.AbstractConnectionFactory.connect(AbstractConnectionFactory.java:637)
	at org.springframework.amqp.rabbit.connection.AbstractConnectionFactory.createBareConnection(AbstractConnectionFactory.java:584)
	... 12 common frames omitted
2025-09-20 16:29:50,371 INFO o.s.a.r.c.AbstractConnectionFactory [rabbit-simple-0] Attempting to connect to: [localhost:5672]
2025-09-20 16:29:50,420 INFO o.s.b.StartupInfoLogger [main] Started Bootstrap in 24.736 seconds (process running for 27.327)
2025-09-20 16:29:51,087 INFO o.a.j.l.DirectJDKLog [tomcat-handler-0] Initializing Spring DispatcherServlet 'dispatcherServlet'
2025-09-20 16:29:51,087 INFO o.s.w.s.FrameworkServlet [tomcat-handler-0] Initializing Servlet 'dispatcherServlet'
2025-09-20 16:29:51,092 INFO o.s.w.s.FrameworkServlet [tomcat-handler-0] Completed initialization in 4 ms
2025-09-20 16:29:51,387 INFO c.e.a.i.UserResourceAdapterIn [tomcat-handler-0] Creating user: User{id=null, document='90279542089', name='Kenneth de Oliveira Soares', email='kennetholiveira2015@gmail.com', address=Address{id=null, street='null', city='null', state='null', postalCode='58051020'}}
2025-09-20 16:29:51,390 INFO c.e.a.o.CreateUserAdapterOut [tomcat-handler-0] Sending request to User Management Service to create user: User{id=null, document='90279542089', name='Kenneth de Oliveira Soares', email='kennetholiveira2015@gmail.com', address=Address{id=null, street='null', city='null', state='null', postalCode='58051020'}}
2025-09-20 16:29:51,882 INFO c.e.a.o.CreateUserAdapterOut [tomcat-handler-0] Created user in User Management Service: UserResponse(document=90279542089, name=Kenneth de Oliveira Soares, email=kennetholiveira2015@gmail.com, userAddressResponse=UserAddressResponse(street=Rua Hermelinda Henriques de Araújo, city=João Pessoa, state=PB, postalCode=58051-020))
2025-09-20 16:29:51,906 INFO c.e.a.i.UserResourceAdapterIn [tomcat-handler-0] Created user: User{id=null, document='90279542089', name='Kenneth de Oliveira Soares', email='kennetholiveira2015@gmail.com', address=Address{id=null, street='null', city='null', state='null', postalCode='58051020'}}
2025-09-20 16:29:55,519 WARN o.s.a.r.l.SimpleMessageListenerContainer$AsyncMessageProcessingConsumer [rabbit-simple-0] Consumer raised exception, processing can restart if the connection factory supports it. Exception summary: org.springframework.amqp.AmqpConnectException: java.net.ConnectException: Connection refused: no further information
2025-09-20 16:29:55,525 INFO o.s.a.r.l.SimpleMessageListenerContainer$AsyncMessageProcessingConsumer [rabbit-simple-0] Restarting Consumer@687e9f0b: tags=[[]], channel=null, acknowledgeMode=AUTO local queue size=0
2025-09-20 16:29:55,527 INFO o.s.a.r.c.AbstractConnectionFactory [rabbit-simple-1] Attempting to connect to: [localhost:5672]
2025-09-20 16:29:55,530 ERROR o.s.a.r.l.AbstractMessageListenerContainer [rabbit-simple-1] Failed to check/redeclare auto-delete queue(s).
2025-09-20 16:29:55,530 INFO o.s.a.r.c.AbstractConnectionFactory [rabbit-simple-1] Attempting to connect to: [localhost:5672]
2025-09-20 16:30:00,700 WARN o.s.a.r.l.SimpleMessageListenerContainer$AsyncMessageProcessingConsumer [rabbit-simple-1] Consumer raised exception, processing can restart if the connection factory supports it. Exception summary: org.springframework.amqp.AmqpConnectException: java.net.ConnectException: Connection refused: no further information
2025-09-20 16:30:00,701 INFO o.s.a.r.l.SimpleMessageListenerContainer$AsyncMessageProcessingConsumer [rabbit-simple-1] Restarting Consumer@73453692: tags=[[]], channel=null, acknowledgeMode=AUTO local queue size=0
2025-09-20 16:30:00,702 INFO o.s.a.r.c.AbstractConnectionFactory [rabbit-simple-2] Attempting to connect to: [localhost:5672]
2025-09-20 16:30:00,704 ERROR o.s.a.r.l.AbstractMessageListenerContainer [rabbit-simple-2] Failed to check/redeclare auto-delete queue(s).
2025-09-20 16:30:00,705 INFO o.s.a.r.c.AbstractConnectionFactory [rabbit-simple-2] Attempting to connect to: [localhost:5672]
2025-09-20 16:30:05,858 WARN o.s.a.r.l.SimpleMessageListenerContainer$AsyncMessageProcessingConsumer [rabbit-simple-2] Consumer raised exception, processing can restart if the connection factory supports it. Exception summary: org.springframework.amqp.AmqpConnectException: java.net.ConnectException: Connection refused: no further information
2025-09-20 16:30:05,859 INFO o.s.a.r.l.SimpleMessageListenerContainer$AsyncMessageProcessingConsumer [rabbit-simple-2] Restarting Consumer@3ce5c4d8: tags=[[]], channel=null, acknowledgeMode=AUTO local queue size=0
2025-09-20 16:30:05,860 INFO o.s.a.r.c.AbstractConnectionFactory [rabbit-simple-3] Attempting to connect to: [localhost:5672]
2025-09-20 16:30:05,888 ERROR o.s.a.r.l.AbstractMessageListenerContainer [rabbit-simple-3] Failed to check/redeclare auto-delete queue(s).
2025-09-20 16:30:05,889 INFO o.s.a.r.c.AbstractConnectionFactory [rabbit-simple-3] Attempting to connect to: [localhost:5672]
2025-09-20 16:30:11,072 WARN o.s.a.r.l.SimpleMessageListenerContainer$AsyncMessageProcessingConsumer [rabbit-simple-3] Consumer raised exception, processing can restart if the connection factory supports it. Exception summary: org.springframework.amqp.AmqpConnectException: java.net.ConnectException: Connection refused: no further information
2025-09-20 16:30:11,072 INFO o.s.a.r.l.SimpleMessageListenerContainer$AsyncMessageProcessingConsumer [rabbit-simple-3] Restarting Consumer@1b4d3ad9: tags=[[]], channel=null, acknowledgeMode=AUTO local queue size=0
2025-09-20 16:30:11,073 INFO o.s.a.r.c.AbstractConnectionFactory [rabbit-simple-4] Attempting to connect to: [localhost:5672]
2025-09-20 16:30:11,088 ERROR o.s.a.r.l.AbstractMessageListenerContainer [rabbit-simple-4] Failed to check/redeclare auto-delete queue(s).
2025-09-20 16:30:11,088 INFO o.s.a.r.c.AbstractConnectionFactory [rabbit-simple-4] Attempting to connect to: [localhost:5672]
2025-09-20 16:30:16,262 WARN o.s.a.r.l.SimpleMessageListenerContainer$AsyncMessageProcessingConsumer [rabbit-simple-4] Consumer raised exception, processing can restart if the connection factory supports it. Exception summary: org.springframework.amqp.AmqpConnectException: java.net.ConnectException: Connection refused: no further information
2025-09-20 16:30:16,262 INFO o.s.a.r.l.SimpleMessageListenerContainer$AsyncMessageProcessingConsumer [rabbit-simple-4] Restarting Consumer@337851be: tags=[[]], channel=null, acknowledgeMode=AUTO local queue size=0
2025-09-20 16:30:16,263 INFO o.s.a.r.c.AbstractConnectionFactory [rabbit-simple-5] Attempting to connect to: [localhost:5672]
2025-09-20 16:30:16,277 ERROR o.s.a.r.l.AbstractMessageListenerContainer [rabbit-simple-5] Failed to check/redeclare auto-delete queue(s).
2025-09-20 16:30:16,277 INFO o.s.a.r.c.AbstractConnectionFactory [rabbit-simple-5] Attempting to connect to: [localhost:5672]
2025-09-20 16:30:21,449 WARN o.s.a.r.l.SimpleMessageListenerContainer$AsyncMessageProcessingConsumer [rabbit-simple-5] Consumer raised exception, processing can restart if the connection factory supports it. Exception summary: org.springframework.amqp.AmqpConnectException: java.net.ConnectException: Connection refused: no further information
2025-09-20 16:30:21,450 INFO o.s.a.r.l.SimpleMessageListenerContainer$AsyncMessageProcessingConsumer [rabbit-simple-5] Restarting Consumer@246e72f5: tags=[[]], channel=null, acknowledgeMode=AUTO local queue size=0
2025-09-20 16:30:21,451 INFO o.s.a.r.c.AbstractConnectionFactory [rabbit-simple-6] Attempting to connect to: [localhost:5672]
2025-09-20 16:30:21,479 ERROR o.s.a.r.l.AbstractMessageListenerContainer [rabbit-simple-6] Failed to check/redeclare auto-delete queue(s).
2025-09-20 16:30:21,480 INFO o.s.a.r.c.AbstractConnectionFactory [rabbit-simple-6] Attempting to connect to: [localhost:5672]
2025-09-20 16:30:26,687 WARN o.s.a.r.l.SimpleMessageListenerContainer$AsyncMessageProcessingConsumer [rabbit-simple-6] Consumer raised exception, processing can restart if the connection factory supports it. Exception summary: org.springframework.amqp.AmqpConnectException: java.net.ConnectException: Connection refused: no further information
2025-09-20 16:30:26,687 INFO o.s.a.r.l.SimpleMessageListenerContainer$AsyncMessageProcessingConsumer [rabbit-simple-6] Restarting Consumer@1053fbee: tags=[[]], channel=null, acknowledgeMode=AUTO local queue size=0
2025-09-20 16:30:26,689 INFO o.s.a.r.c.AbstractConnectionFactory [rabbit-simple-7] Attempting to connect to: [localhost:5672]
2025-09-20 16:30:26,703 ERROR o.s.a.r.l.AbstractMessageListenerContainer [rabbit-simple-7] Failed to check/redeclare auto-delete queue(s).
2025-09-20 16:30:26,703 INFO o.s.a.r.c.AbstractConnectionFactory [rabbit-simple-7] Attempting to connect to: [localhost:5672]
2025-09-20 16:30:31,836 WARN o.s.a.r.l.SimpleMessageListenerContainer$AsyncMessageProcessingConsumer [rabbit-simple-7] Consumer raised exception, processing can restart if the connection factory supports it. Exception summary: org.springframework.amqp.AmqpConnectException: java.net.ConnectException: Connection refused: no further information
2025-09-20 16:30:31,837 INFO o.s.a.r.l.SimpleMessageListenerContainer$AsyncMessageProcessingConsumer [rabbit-simple-7] Restarting Consumer@59262dff: tags=[[]], channel=null, acknowledgeMode=AUTO local queue size=0
2025-09-20 16:30:31,838 INFO o.s.a.r.c.AbstractConnectionFactory [rabbit-simple-8] Attempting to connect to: [localhost:5672]
2025-09-20 16:30:31,840 ERROR o.s.a.r.l.AbstractMessageListenerContainer [rabbit-simple-8] Failed to check/redeclare auto-delete queue(s).
2025-09-20 16:30:31,840 INFO o.s.a.r.c.AbstractConnectionFactory [rabbit-simple-8] Attempting to connect to: [localhost:5672]
2025-09-20 16:30:37,026 WARN o.s.a.r.l.SimpleMessageListenerContainer$AsyncMessageProcessingConsumer [rabbit-simple-8] Consumer raised exception, processing can restart if the connection factory supports it. Exception summary: org.springframework.amqp.AmqpConnectException: java.net.ConnectException: Connection refused: no further information
2025-09-20 16:30:37,026 INFO o.s.a.r.l.SimpleMessageListenerContainer$AsyncMessageProcessingConsumer [rabbit-simple-8] Restarting Consumer@56800707: tags=[[]], channel=null, acknowledgeMode=AUTO local queue size=0
2025-09-20 16:30:37,028 INFO o.s.a.r.c.AbstractConnectionFactory [rabbit-simple-9] Attempting to connect to: [localhost:5672]
2025-09-20 16:30:37,041 ERROR o.s.a.r.l.AbstractMessageListenerContainer [rabbit-simple-9] Failed to check/redeclare auto-delete queue(s).
2025-09-20 16:30:37,041 INFO o.s.a.r.c.AbstractConnectionFactory [rabbit-simple-9] Attempting to connect to: [localhost:5672]
2025-09-20 16:30:42,205 WARN o.s.a.r.l.SimpleMessageListenerContainer$AsyncMessageProcessingConsumer [rabbit-simple-9] Consumer raised exception, processing can restart if the connection factory supports it. Exception summary: org.springframework.amqp.AmqpConnectException: java.net.ConnectException: Connection refused: no further information
2025-09-20 16:30:42,205 INFO o.s.a.r.l.SimpleMessageListenerContainer$AsyncMessageProcessingConsumer [rabbit-simple-9] Restarting Consumer@4a0fed62: tags=[[]], channel=null, acknowledgeMode=AUTO local queue size=0
2025-09-20 16:30:42,206 INFO o.s.a.r.c.AbstractConnectionFactory [rabbit-simple-10] Attempting to connect to: [localhost:5672]
2025-09-20 16:30:42,221 ERROR o.s.a.r.l.AbstractMessageListenerContainer [rabbit-simple-10] Failed to check/redeclare auto-delete queue(s).
2025-09-20 16:30:42,222 INFO o.s.a.r.c.AbstractConnectionFactory [rabbit-simple-10] Attempting to connect to: [localhost:5672]
2025-09-20 16:30:47,373 WARN o.s.a.r.l.SimpleMessageListenerContainer$AsyncMessageProcessingConsumer [rabbit-simple-10] Consumer raised exception, processing can restart if the connection factory supports it. Exception summary: org.springframework.amqp.AmqpConnectException: java.net.ConnectException: Connection refused: no further information
2025-09-20 16:30:47,374 INFO o.s.a.r.l.SimpleMessageListenerContainer$AsyncMessageProcessingConsumer [rabbit-simple-10] Restarting Consumer@21b81fb5: tags=[[]], channel=null, acknowledgeMode=AUTO local queue size=0
2025-09-20 16:30:47,381 INFO o.s.a.r.c.AbstractConnectionFactory [rabbit-simple-11] Attempting to connect to: [localhost:5672]
2025-09-20 16:30:47,389 ERROR o.s.a.r.l.AbstractMessageListenerContainer [rabbit-simple-11] Failed to check/redeclare auto-delete queue(s).
2025-09-20 16:30:47,390 INFO o.s.a.r.c.AbstractConnectionFactory [rabbit-simple-11] Attempting to connect to: [localhost:5672]
2025-09-20 16:30:52,396 WARN o.s.a.r.l.SimpleMessageListenerContainer$AsyncMessageProcessingConsumer [rabbit-simple-11] Consumer raised exception, processing can restart if the connection factory supports it. Exception summary: org.springframework.amqp.AmqpConnectException: java.net.ConnectException: Connection refused: no further information
2025-09-20 16:30:52,396 INFO o.s.a.r.l.SimpleMessageListenerContainer$AsyncMessageProcessingConsumer [rabbit-simple-11] Restarting Consumer@86d1d92: tags=[[]], channel=null, acknowledgeMode=AUTO local queue size=0
2025-09-20 16:30:52,397 INFO o.s.a.r.c.AbstractConnectionFactory [rabbit-simple-12] Attempting to connect to: [localhost:5672]
2025-09-20 16:30:52,400 ERROR o.s.a.r.l.AbstractMessageListenerContainer [rabbit-simple-12] Failed to check/redeclare auto-delete queue(s).
2025-09-20 16:30:52,400 INFO o.s.a.r.c.AbstractConnectionFactory [rabbit-simple-12] Attempting to connect to: [localhost:5672]
2025-09-20 16:30:57,597 WARN o.s.a.r.l.SimpleMessageListenerContainer$AsyncMessageProcessingConsumer [rabbit-simple-12] Consumer raised exception, processing can restart if the connection factory supports it. Exception summary: org.springframework.amqp.AmqpConnectException: java.net.ConnectException: Connection refused: no further information
2025-09-20 16:30:57,597 INFO o.s.a.r.l.SimpleMessageListenerContainer$AsyncMessageProcessingConsumer [rabbit-simple-12] Restarting Consumer@48793334: tags=[[]], channel=null, acknowledgeMode=AUTO local queue size=0
2025-09-20 16:30:57,598 INFO o.s.a.r.c.AbstractConnectionFactory [rabbit-simple-13] Attempting to connect to: [localhost:5672]
2025-09-20 16:30:57,612 ERROR o.s.a.r.l.AbstractMessageListenerContainer [rabbit-simple-13] Failed to check/redeclare auto-delete queue(s).
2025-09-20 16:30:57,613 INFO o.s.a.r.c.AbstractConnectionFactory [rabbit-simple-13] Attempting to connect to: [localhost:5672]
2025-09-20 16:31:02,774 WARN o.s.a.r.l.SimpleMessageListenerContainer$AsyncMessageProcessingConsumer [rabbit-simple-13] Consumer raised exception, processing can restart if the connection factory supports it. Exception summary: org.springframework.amqp.AmqpConnectException: java.net.ConnectException: Connection refused: no further information
2025-09-20 16:31:02,774 INFO o.s.a.r.l.SimpleMessageListenerContainer$AsyncMessageProcessingConsumer [rabbit-simple-13] Restarting Consumer@63af3c6a: tags=[[]], channel=null, acknowledgeMode=AUTO local queue size=0
2025-09-20 16:31:02,776 INFO o.s.a.r.c.AbstractConnectionFactory [rabbit-simple-14] Attempting to connect to: [localhost:5672]
2025-09-20 16:31:02,778 ERROR o.s.a.r.l.AbstractMessageListenerContainer [rabbit-simple-14] Failed to check/redeclare auto-delete queue(s).
2025-09-20 16:31:02,779 INFO o.s.a.r.c.AbstractConnectionFactory [rabbit-simple-14] Attempting to connect to: [localhost:5672]
2025-09-20 16:31:07,946 WARN o.s.a.r.l.SimpleMessageListenerContainer$AsyncMessageProcessingConsumer [rabbit-simple-14] Consumer raised exception, processing can restart if the connection factory supports it. Exception summary: org.springframework.amqp.AmqpConnectException: java.net.ConnectException: Connection refused: no further information
2025-09-20 16:31:07,946 INFO o.s.a.r.l.SimpleMessageListenerContainer$AsyncMessageProcessingConsumer [rabbit-simple-14] Restarting Consumer@6e38dae3: tags=[[]], channel=null, acknowledgeMode=AUTO local queue size=0
2025-09-20 16:31:07,947 INFO o.s.a.r.c.AbstractConnectionFactory [rabbit-simple-15] Attempting to connect to: [localhost:5672]
2025-09-20 16:31:07,963 ERROR o.s.a.r.l.AbstractMessageListenerContainer [rabbit-simple-15] Failed to check/redeclare auto-delete queue(s).
2025-09-20 16:31:07,963 INFO o.s.a.r.c.AbstractConnectionFactory [rabbit-simple-15] Attempting to connect to: [localhost:5672]
2025-09-20 16:31:13,099 WARN o.s.a.r.l.SimpleMessageListenerContainer$AsyncMessageProcessingConsumer [rabbit-simple-15] Consumer raised exception, processing can restart if the connection factory supports it. Exception summary: org.springframework.amqp.AmqpConnectException: java.net.ConnectException: Connection refused: no further information
2025-09-20 16:31:13,100 INFO o.s.a.r.l.SimpleMessageListenerContainer$AsyncMessageProcessingConsumer [rabbit-simple-15] Restarting Consumer@3317ca91: tags=[[]], channel=null, acknowledgeMode=AUTO local queue size=0
2025-09-20 16:31:13,101 INFO o.s.a.r.c.AbstractConnectionFactory [rabbit-simple-16] Attempting to connect to: [localhost:5672]
2025-09-20 16:31:13,130 ERROR o.s.a.r.l.AbstractMessageListenerContainer [rabbit-simple-16] Failed to check/redeclare auto-delete queue(s).
2025-09-20 16:31:13,131 INFO o.s.a.r.c.AbstractConnectionFactory [rabbit-simple-16] Attempting to connect to: [localhost:5672]
2025-09-20 16:31:18,283 WARN o.s.a.r.l.SimpleMessageListenerContainer$AsyncMessageProcessingConsumer [rabbit-simple-16] Consumer raised exception, processing can restart if the connection factory supports it. Exception summary: org.springframework.amqp.AmqpConnectException: java.net.ConnectException: Connection refused: no further information
2025-09-20 16:31:18,283 INFO o.s.a.r.l.SimpleMessageListenerContainer$AsyncMessageProcessingConsumer [rabbit-simple-16] Restarting Consumer@45b62ba9: tags=[[]], channel=null, acknowledgeMode=AUTO local queue size=0
2025-09-20 16:31:18,285 INFO o.s.a.r.c.AbstractConnectionFactory [rabbit-simple-17] Attempting to connect to: [localhost:5672]
2025-09-20 16:31:18,314 ERROR o.s.a.r.l.AbstractMessageListenerContainer [rabbit-simple-17] Failed to check/redeclare auto-delete queue(s).
2025-09-20 16:31:18,315 INFO o.s.a.r.c.AbstractConnectionFactory [rabbit-simple-17] Attempting to connect to: [localhost:5672]
2025-09-20 16:31:23,433 WARN o.s.a.r.l.SimpleMessageListenerContainer$AsyncMessageProcessingConsumer [rabbit-simple-17] Consumer raised exception, processing can restart if the connection factory supports it. Exception summary: org.springframework.amqp.AmqpConnectException: java.net.ConnectException: Connection refused: no further information
2025-09-20 16:31:23,434 INFO o.s.a.r.l.SimpleMessageListenerContainer$AsyncMessageProcessingConsumer [rabbit-simple-17] Restarting Consumer@7fdd799f: tags=[[]], channel=null, acknowledgeMode=AUTO local queue size=0
2025-09-20 16:31:23,435 INFO o.s.a.r.c.AbstractConnectionFactory [rabbit-simple-18] Attempting to connect to: [localhost:5672]
2025-09-20 16:31:23,448 ERROR o.s.a.r.l.AbstractMessageListenerContainer [rabbit-simple-18] Failed to check/redeclare auto-delete queue(s).
2025-09-20 16:31:23,449 INFO o.s.a.r.c.AbstractConnectionFactory [rabbit-simple-18] Attempting to connect to: [localhost:5672]
2025-09-20 16:31:28,609 WARN o.s.a.r.l.SimpleMessageListenerContainer$AsyncMessageProcessingConsumer [rabbit-simple-18] Consumer raised exception, processing can restart if the connection factory supports it. Exception summary: org.springframework.amqp.AmqpConnectException: java.net.ConnectException: Connection refused: no further information
2025-09-20 16:31:28,610 INFO o.s.a.r.l.SimpleMessageListenerContainer$AsyncMessageProcessingConsumer [rabbit-simple-18] Restarting Consumer@6d444c50: tags=[[]], channel=null, acknowledgeMode=AUTO local queue size=0
2025-09-20 16:31:28,611 INFO o.s.a.r.c.AbstractConnectionFactory [rabbit-simple-19] Attempting to connect to: [localhost:5672]
2025-09-20 16:31:28,640 ERROR o.s.a.r.l.AbstractMessageListenerContainer [rabbit-simple-19] Failed to check/redeclare auto-delete queue(s).
2025-09-20 16:31:28,640 INFO o.s.a.r.c.AbstractConnectionFactory [rabbit-simple-19] Attempting to connect to: [localhost:5672]
2025-09-20 16:31:33,801 WARN o.s.a.r.l.SimpleMessageListenerContainer$AsyncMessageProcessingConsumer [rabbit-simple-19] Consumer raised exception, processing can restart if the connection factory supports it. Exception summary: org.springframework.amqp.AmqpConnectException: java.net.ConnectException: Connection refused: no further information
2025-09-20 16:31:33,801 INFO o.s.a.r.l.SimpleMessageListenerContainer$AsyncMessageProcessingConsumer [rabbit-simple-19] Restarting Consumer@50fd5a88: tags=[[]], channel=null, acknowledgeMode=AUTO local queue size=0
2025-09-20 16:31:33,802 INFO o.s.a.r.c.AbstractConnectionFactory [rabbit-simple-20] Attempting to connect to: [localhost:5672]
2025-09-20 16:31:33,817 ERROR o.s.a.r.l.AbstractMessageListenerContainer [rabbit-simple-20] Failed to check/redeclare auto-delete queue(s).
2025-09-20 16:31:33,818 INFO o.s.a.r.c.AbstractConnectionFactory [rabbit-simple-20] Attempting to connect to: [localhost:5672]
2025-09-20 16:31:38,936 WARN o.s.a.r.l.SimpleMessageListenerContainer$AsyncMessageProcessingConsumer [rabbit-simple-20] Consumer raised exception, processing can restart if the connection factory supports it. Exception summary: org.springframework.amqp.AmqpConnectException: java.net.ConnectException: Connection refused: no further information
2025-09-20 16:31:38,936 INFO o.s.a.r.l.SimpleMessageListenerContainer$AsyncMessageProcessingConsumer [rabbit-simple-20] Restarting Consumer@3cf8f67e: tags=[[]], channel=null, acknowledgeMode=AUTO local queue size=0
2025-09-20 16:31:38,938 INFO o.s.a.r.c.AbstractConnectionFactory [rabbit-simple-21] Attempting to connect to: [localhost:5672]
2025-09-20 16:31:38,940 ERROR o.s.a.r.l.AbstractMessageListenerContainer [rabbit-simple-21] Failed to check/redeclare auto-delete queue(s).
2025-09-20 16:31:38,940 INFO o.s.a.r.c.AbstractConnectionFactory [rabbit-simple-21] Attempting to connect to: [localhost:5672]
2025-09-20 16:38:08,668 INFO o.h.v.i.u.Version [background-preinit] HV000001: Hibernate Validator 8.0.1.Final
2025-09-20 16:38:08,801 INFO o.s.b.StartupInfoLogger [main] Starting Bootstrap using Java 21 with PID 45616 (C:\Users\koliveiras\workspace-study\ms-reservation-inventory\target\classes started by koliveiras in C:\Users\koliveiras\workspace-study\ms-reservation-inventory)
2025-09-20 16:38:08,803 DEBUG o.s.b.StartupInfoLogger [main] Running with Spring Boot v3.3.5, Spring v6.1.14
2025-09-20 16:38:08,805 INFO o.s.b.SpringApplication [main] The following 1 profile is active: "dev"
2025-09-20 16:38:11,700 INFO o.s.d.r.c.RepositoryConfigurationDelegate [main] Bootstrapping Spring Data JPA repositories in DEFAULT mode.
2025-09-20 16:38:12,188 INFO o.s.d.r.c.RepositoryConfigurationDelegate [main] Finished Spring Data repository scanning in 472 ms. Found 2 JPA repository interfaces.
2025-09-20 16:38:13,074 INFO o.s.c.c.s.GenericScope [main] BeanFactory id=a8a0d036-9d50-3b46-8703-5cd352c509c5
2025-09-20 16:38:14,365 INFO o.s.b.w.e.t.TomcatWebServer [main] Tomcat initialized with port 8081 (http)
2025-09-20 16:38:14,387 INFO o.a.j.l.DirectJDKLog [main] Initializing ProtocolHandler ["http-nio-8081"]
2025-09-20 16:38:14,397 INFO o.a.j.l.DirectJDKLog [main] Starting service [Tomcat]
2025-09-20 16:38:14,398 INFO o.a.j.l.DirectJDKLog [main] Starting Servlet engine: [Apache Tomcat/10.1.31]
2025-09-20 16:38:14,632 INFO o.a.j.l.DirectJDKLog [main] Initializing Spring embedded WebApplicationContext
2025-09-20 16:38:14,636 INFO o.s.b.w.s.c.ServletWebServerApplicationContext [main] Root WebApplicationContext: initialization completed in 5665 ms
2025-09-20 16:38:14,717 INFO c.z.h.HikariDataSource [main] HikariPool-1 - Starting...
2025-09-20 16:38:15,171 INFO c.z.h.p.HikariPool [main] HikariPool-1 - Added connection conn0: url=jdbc:h2:mem:testdb user=SA
2025-09-20 16:38:15,178 INFO c.z.h.HikariDataSource [main] HikariPool-1 - Start completed.
2025-09-20 16:38:15,206 INFO o.s.b.a.h.H2ConsoleAutoConfiguration [main] H2 console available at '/h2-console'. Database available at 'jdbc:h2:mem:testdb'
2025-09-20 16:38:15,538 INFO o.h.j.i.u.LogHelper [main] HHH000204: Processing PersistenceUnitInfo [name: default]
2025-09-20 16:38:15,699 INFO o.h.Version [main] HHH000412: Hibernate ORM core version 6.5.3.Final
2025-09-20 16:38:15,774 INFO o.h.c.i.RegionFactoryInitiator [main] HHH000026: Second-level cache disabled
2025-09-20 16:38:16,653 INFO o.s.o.j.p.SpringPersistenceUnitInfo [main] No LoadTimeWeaver setup: ignoring JPA class transformer
2025-09-20 16:38:16,771 WARN o.h.e.j.d.i.DialectFactoryImpl [main] HHH90000025: H2Dialect does not need to be specified explicitly using 'hibernate.dialect' (remove the property setting and it will be selected by default)
2025-09-20 16:38:18,578 INFO o.h.e.t.j.p.i.JtaPlatformInitiator [main] HHH000489: No JTA platform available (set 'hibernate.transaction.jta.platform' to enable JTA platform integration)
2025-09-20 16:38:18,681 INFO o.s.o.j.AbstractEntityManagerFactoryBean [main] Initialized JPA EntityManagerFactory for persistence unit 'default'
2025-09-20 16:38:19,199 WARN o.s.b.a.o.j.JpaBaseConfiguration$JpaWebConfiguration [main] spring.jpa.open-in-view is enabled by default. Therefore, database queries may be performed during view rendering. Explicitly configure spring.jpa.open-in-view to disable this warning
2025-09-20 16:38:19,987 INFO o.s.d.j.r.q.QueryEnhancerFactory [main] Hibernate is in classpath; If applicable, HQL parser will be used.
2025-09-20 16:38:22,685 INFO o.s.g.e.DefaultSchemaResourceGraphQlSourceBuilder [main] Loaded 1 resource(s) in the GraphQL schema.
2025-09-20 16:38:23,215 INFO o.s.g.e.DefaultSchemaResourceGraphQlSourceBuilder [main] GraphQL schema inspection:
	Unmapped fields: {Query=[_empty]}
	Unmapped registrations: {}
	Unmapped arguments: {}
	Skipped types: []
2025-09-20 16:38:23,268 INFO o.s.b.a.g.s.GraphQlWebMvcAutoConfiguration [main] GraphQL endpoint HTTP POST /graphql
2025-09-20 16:38:24,233 INFO o.a.j.l.DirectJDKLog [main] Starting ProtocolHandler ["http-nio-8081"]
2025-09-20 16:38:24,400 INFO o.s.b.w.e.t.TomcatWebServer [main] Tomcat started on port 8081 (http) with context path '/'
2025-09-20 16:38:24,435 INFO o.s.a.r.c.AbstractConnectionFactory [main] Attempting to connect to: [localhost:5672]
2025-09-20 16:38:24,461 INFO o.s.a.r.l.AbstractMessageListenerContainer [main] Broker not available; cannot force queue declarations during start: java.net.ConnectException: Connection refused: no further information
2025-09-20 16:38:24,538 INFO o.s.a.r.c.AbstractConnectionFactory [rabbit-simple-0] Attempting to connect to: [localhost:5672]
2025-09-20 16:38:24,545 ERROR o.s.a.r.l.AbstractMessageListenerContainer [rabbit-simple-0] Failed to check/redeclare auto-delete queue(s).
org.springframework.amqp.AmqpConnectException: java.net.ConnectException: Connection refused: no further information
	at org.springframework.amqp.rabbit.support.RabbitExceptionTranslator.convertRabbitAccessException(RabbitExceptionTranslator.java:61)
	at org.springframework.amqp.rabbit.connection.AbstractConnectionFactory.createBareConnection(AbstractConnectionFactory.java:622)
	at org.springframework.amqp.rabbit.connection.CachingConnectionFactory.createConnection(CachingConnectionFactory.java:726)
	at org.springframework.amqp.rabbit.connection.ConnectionFactoryUtils.createConnection(ConnectionFactoryUtils.java:257)
	at org.springframework.amqp.rabbit.core.RabbitTemplate.doExecute(RabbitTemplate.java:2249)
	at org.springframework.amqp.rabbit.core.RabbitTemplate.execute(RabbitTemplate.java:2222)
	at org.springframework.amqp.rabbit.core.RabbitTemplate.execute(RabbitTemplate.java:2202)
	at org.springframework.amqp.rabbit.core.RabbitAdmin.getQueueInfo(RabbitAdmin.java:467)
	at org.springframework.amqp.rabbit.core.RabbitAdmin.getQueueProperties(RabbitAdmin.java:451)
	at org.springframework.amqp.rabbit.listener.AbstractMessageListenerContainer.attemptDeclarations(AbstractMessageListenerContainer.java:1960)
	at org.springframework.amqp.rabbit.listener.AbstractMessageListenerContainer.redeclareElementsIfNecessary(AbstractMessageListenerContainer.java:1924)
	at org.springframework.amqp.rabbit.listener.SimpleMessageListenerContainer$AsyncMessageProcessingConsumer.initialize(SimpleMessageListenerContainer.java:1479)
	at org.springframework.amqp.rabbit.listener.SimpleMessageListenerContainer$AsyncMessageProcessingConsumer.run(SimpleMessageListenerContainer.java:1320)
	at java.base/java.lang.VirtualThread.run(VirtualThread.java:311)
Caused by: java.net.ConnectException: Connection refused: no further information
	at java.base/sun.nio.ch.Net.pollConnect(Native Method)
	at java.base/sun.nio.ch.Net.pollConnectNow(Net.java:682)
	at java.base/sun.nio.ch.NioSocketImpl.timedFinishConnect(NioSocketImpl.java:542)
	at java.base/sun.nio.ch.NioSocketImpl.connect(NioSocketImpl.java:592)
	at java.base/java.net.SocksSocketImpl.connect(SocksSocketImpl.java:327)
	at java.base/java.net.Socket.connect(Socket.java:751)
	at com.rabbitmq.client.impl.SocketFrameHandlerFactory.create(SocketFrameHandlerFactory.java:61)
	at com.rabbitmq.client.ConnectionFactory.newConnection(ConnectionFactory.java:1249)
	at com.rabbitmq.client.ConnectionFactory.newConnection(ConnectionFactory.java:1198)
	at org.springframework.amqp.rabbit.connection.AbstractConnectionFactory.connectAddresses(AbstractConnectionFactory.java:668)
	at org.springframework.amqp.rabbit.connection.AbstractConnectionFactory.connect(AbstractConnectionFactory.java:637)
	at org.springframework.amqp.rabbit.connection.AbstractConnectionFactory.createBareConnection(AbstractConnectionFactory.java:584)
	... 12 common frames omitted
2025-09-20 16:38:24,565 INFO o.s.a.r.c.AbstractConnectionFactory [rabbit-simple-0] Attempting to connect to: [localhost:5672]
2025-09-20 16:38:24,636 INFO o.s.b.StartupInfoLogger [main] Started Bootstrap in 17.747 seconds (process running for 20.637)
2025-09-20 16:38:29,744 WARN o.s.a.r.l.SimpleMessageListenerContainer$AsyncMessageProcessingConsumer [rabbit-simple-0] Consumer raised exception, processing can restart if the connection factory supports it. Exception summary: org.springframework.amqp.AmqpConnectException: java.net.ConnectException: Connection refused: no further information
2025-09-20 16:38:29,753 INFO o.s.a.r.l.SimpleMessageListenerContainer$AsyncMessageProcessingConsumer [rabbit-simple-0] Restarting Consumer@6c8a806c: tags=[[]], channel=null, acknowledgeMode=AUTO local queue size=0
2025-09-20 16:38:29,756 INFO o.s.a.r.c.AbstractConnectionFactory [rabbit-simple-1] Attempting to connect to: [localhost:5672]
2025-09-20 16:38:29,758 ERROR o.s.a.r.l.AbstractMessageListenerContainer [rabbit-simple-1] Failed to check/redeclare auto-delete queue(s).
2025-09-20 16:38:29,758 INFO o.s.a.r.c.AbstractConnectionFactory [rabbit-simple-1] Attempting to connect to: [localhost:5672]
2025-09-20 16:38:34,764 WARN o.s.a.r.l.SimpleMessageListenerContainer$AsyncMessageProcessingConsumer [rabbit-simple-1] Consumer raised exception, processing can restart if the connection factory supports it. Exception summary: org.springframework.amqp.AmqpConnectException: java.net.ConnectException: Connection refused: no further information
2025-09-20 16:38:34,765 INFO o.s.a.r.l.SimpleMessageListenerContainer$AsyncMessageProcessingConsumer [rabbit-simple-1] Restarting Consumer@5e0c95bc: tags=[[]], channel=null, acknowledgeMode=AUTO local queue size=0
2025-09-20 16:38:34,768 INFO o.s.a.r.c.AbstractConnectionFactory [rabbit-simple-2] Attempting to connect to: [localhost:5672]
2025-09-20 16:38:34,771 ERROR o.s.a.r.l.AbstractMessageListenerContainer [rabbit-simple-2] Failed to check/redeclare auto-delete queue(s).
2025-09-20 16:38:34,772 INFO o.s.a.r.c.AbstractConnectionFactory [rabbit-simple-2] Attempting to connect to: [localhost:5672]
2025-09-20 16:38:38,063 INFO o.a.j.l.DirectJDKLog [tomcat-handler-1] Initializing Spring DispatcherServlet 'dispatcherServlet'
2025-09-20 16:38:38,064 INFO o.s.w.s.FrameworkServlet [tomcat-handler-1] Initializing Servlet 'dispatcherServlet'
2025-09-20 16:38:38,069 INFO o.s.w.s.FrameworkServlet [tomcat-handler-1] Completed initialization in 4 ms
2025-09-20 16:38:38,353 INFO c.e.a.i.UserResourceAdapterIn [tomcat-handler-1] Creating user: User{id=null, document='50600835006', name='Kenneth de Oliveira Soares', email='kennetholiveira2015@gmail.com', address=Address{id=null, street='null', city='null', state='null', postalCode='58051020'}}
2025-09-20 16:38:38,354 INFO c.e.a.o.CreateUserAdapterOut [tomcat-handler-1] Sending request to User Management Service to create user: User{id=null, document='50600835006', name='Kenneth de Oliveira Soares', email='kennetholiveira2015@gmail.com', address=Address{id=null, street='null', city='null', state='null', postalCode='58051020'}}
2025-09-20 16:38:38,930 INFO c.e.a.o.CreateUserAdapterOut [tomcat-handler-1] Created user in User Management Service: UserResponse(document=50600835006, name=Kenneth de Oliveira Soares, email=kennetholiveira2015@gmail.com, userAddressResponse=UserAddressResponse(street=Rua Hermelinda Henriques de Araújo, city=João Pessoa, state=PB, postalCode=58051-020))
2025-09-20 16:38:38,942 INFO c.e.a.i.UserResourceAdapterIn [tomcat-handler-1] Created user: User{id=null, document='50600835006', name='Kenneth de Oliveira Soares', email='kennetholiveira2015@gmail.com', address=Address{id=null, street='Rua Hermelinda Henriques de Araújo', city='João Pessoa', state='PB', postalCode='58051-020'}}
2025-09-20 16:38:39,969 WARN o.s.a.r.l.SimpleMessageListenerContainer$AsyncMessageProcessingConsumer [rabbit-simple-2] Consumer raised exception, processing can restart if the connection factory supports it. Exception summary: org.springframework.amqp.AmqpConnectException: java.net.ConnectException: Connection refused: no further information
2025-09-20 16:38:39,969 INFO o.s.a.r.l.SimpleMessageListenerContainer$AsyncMessageProcessingConsumer [rabbit-simple-2] Restarting Consumer@3ec7eb93: tags=[[]], channel=null, acknowledgeMode=AUTO local queue size=0
2025-09-20 16:38:39,972 INFO o.s.a.r.c.AbstractConnectionFactory [rabbit-simple-3] Attempting to connect to: [localhost:5672]
2025-09-20 16:38:39,985 ERROR o.s.a.r.l.AbstractMessageListenerContainer [rabbit-simple-3] Failed to check/redeclare auto-delete queue(s).
2025-09-20 16:38:39,985 INFO o.s.a.r.c.AbstractConnectionFactory [rabbit-simple-3] Attempting to connect to: [localhost:5672]
2025-09-20 16:38:45,140 WARN o.s.a.r.l.SimpleMessageListenerContainer$AsyncMessageProcessingConsumer [rabbit-simple-3] Consumer raised exception, processing can restart if the connection factory supports it. Exception summary: org.springframework.amqp.AmqpConnectException: java.net.ConnectException: Connection refused: no further information
2025-09-20 16:38:45,140 INFO o.s.a.r.l.SimpleMessageListenerContainer$AsyncMessageProcessingConsumer [rabbit-simple-3] Restarting Consumer@4d489b31: tags=[[]], channel=null, acknowledgeMode=AUTO local queue size=0
2025-09-20 16:38:45,142 INFO o.s.a.r.c.AbstractConnectionFactory [rabbit-simple-4] Attempting to connect to: [localhost:5672]
2025-09-20 16:38:45,145 ERROR o.s.a.r.l.AbstractMessageListenerContainer [rabbit-simple-4] Failed to check/redeclare auto-delete queue(s).
2025-09-20 16:38:45,146 INFO o.s.a.r.c.AbstractConnectionFactory [rabbit-simple-4] Attempting to connect to: [localhost:5672]
2025-09-20 16:38:50,316 WARN o.s.a.r.l.SimpleMessageListenerContainer$AsyncMessageProcessingConsumer [rabbit-simple-4] Consumer raised exception, processing can restart if the connection factory supports it. Exception summary: org.springframework.amqp.AmqpConnectException: java.net.ConnectException: Connection refused: no further information
2025-09-20 16:38:50,316 INFO o.s.a.r.l.SimpleMessageListenerContainer$AsyncMessageProcessingConsumer [rabbit-simple-4] Restarting Consumer@2417de9a: tags=[[]], channel=null, acknowledgeMode=AUTO local queue size=0
2025-09-20 16:38:50,317 INFO o.s.a.r.c.AbstractConnectionFactory [rabbit-simple-5] Attempting to connect to: [localhost:5672]
2025-09-20 16:38:50,347 ERROR o.s.a.r.l.AbstractMessageListenerContainer [rabbit-simple-5] Failed to check/redeclare auto-delete queue(s).
2025-09-20 16:38:50,347 INFO o.s.a.r.c.AbstractConnectionFactory [rabbit-simple-5] Attempting to connect to: [localhost:5672]
2025-09-27 15:15:26,627 INFO o.h.v.i.u.Version [background-preinit] HV000001: Hibernate Validator 8.0.1.Final
2025-09-27 15:15:26,693 INFO o.s.b.StartupInfoLogger [main] Starting Bootstrap using Java 21 with PID 33584 (C:\Users\koliveiras\workspace-study\ms-reservation-inventory\target\classes started by koliveiras in C:\Users\koliveiras\workspace-study\ms-reservation-inventory)
2025-09-27 15:15:26,693 DEBUG o.s.b.StartupInfoLogger [main] Running with Spring Boot v3.3.5, Spring v6.1.14
2025-09-27 15:15:26,695 INFO o.s.b.SpringApplication [main] The following 1 profile is active: "dev"
2025-09-27 15:15:28,821 INFO o.s.d.r.c.RepositoryConfigurationDelegate [main] Bootstrapping Spring Data JPA repositories in DEFAULT mode.
2025-09-27 15:15:29,232 INFO o.s.d.r.c.RepositoryConfigurationDelegate [main] Finished Spring Data repository scanning in 396 ms. Found 2 JPA repository interfaces.
2025-09-27 15:15:29,753 INFO o.s.c.c.s.GenericScope [main] BeanFactory id=2388afc0-7965-3dfb-a8c1-fb6f13e4eafc
2025-09-27 15:15:30,631 INFO o.s.b.w.e.t.TomcatWebServer [main] Tomcat initialized with port 8081 (http)
2025-09-27 15:15:30,648 INFO o.a.j.l.DirectJDKLog [main] Initializing ProtocolHandler ["http-nio-8081"]
2025-09-27 15:15:30,657 INFO o.a.j.l.DirectJDKLog [main] Starting service [Tomcat]
2025-09-27 15:15:30,658 INFO o.a.j.l.DirectJDKLog [main] Starting Servlet engine: [Apache Tomcat/10.1.31]
2025-09-27 15:15:30,796 INFO o.a.j.l.DirectJDKLog [main] Initializing Spring embedded WebApplicationContext
2025-09-27 15:15:30,798 INFO o.s.b.w.s.c.ServletWebServerApplicationContext [main] Root WebApplicationContext: initialization completed in 4024 ms
2025-09-27 15:15:30,858 INFO c.z.h.HikariDataSource [main] HikariPool-1 - Starting...
2025-09-27 15:15:31,222 INFO c.z.h.p.HikariPool [main] HikariPool-1 - Added connection conn0: url=jdbc:h2:mem:testdb user=SA
2025-09-27 15:15:31,225 INFO c.z.h.HikariDataSource [main] HikariPool-1 - Start completed.
2025-09-27 15:15:31,239 INFO o.s.b.a.h.H2ConsoleAutoConfiguration [main] H2 console available at '/h2-console'. Database available at 'jdbc:h2:mem:testdb'
2025-09-27 15:15:31,444 INFO o.h.j.i.u.LogHelper [main] HHH000204: Processing PersistenceUnitInfo [name: default]
2025-09-27 15:15:31,553 INFO o.h.Version [main] HHH000412: Hibernate ORM core version 6.5.3.Final
2025-09-27 15:15:31,610 INFO o.h.c.i.RegionFactoryInitiator [main] HHH000026: Second-level cache disabled
2025-09-27 15:15:32,192 INFO o.s.o.j.p.SpringPersistenceUnitInfo [main] No LoadTimeWeaver setup: ignoring JPA class transformer
2025-09-27 15:15:32,274 WARN o.h.e.j.d.i.DialectFactoryImpl [main] HHH90000025: H2Dialect does not need to be specified explicitly using 'hibernate.dialect' (remove the property setting and it will be selected by default)
2025-09-27 15:15:34,000 INFO o.h.e.t.j.p.i.JtaPlatformInitiator [main] HHH000489: No JTA platform available (set 'hibernate.transaction.jta.platform' to enable JTA platform integration)
2025-09-27 15:15:34,069 INFO o.s.o.j.AbstractEntityManagerFactoryBean [main] Initialized JPA EntityManagerFactory for persistence unit 'default'
2025-09-27 15:15:34,339 WARN o.s.b.a.o.j.JpaBaseConfiguration$JpaWebConfiguration [main] spring.jpa.open-in-view is enabled by default. Therefore, database queries may be performed during view rendering. Explicitly configure spring.jpa.open-in-view to disable this warning
2025-09-27 15:15:34,744 INFO o.s.d.j.r.q.QueryEnhancerFactory [main] Hibernate is in classpath; If applicable, HQL parser will be used.
2025-09-27 15:15:36,423 INFO o.s.g.e.DefaultSchemaResourceGraphQlSourceBuilder [main] Loaded 1 resource(s) in the GraphQL schema.
2025-09-27 15:15:36,772 INFO o.s.g.e.DefaultSchemaResourceGraphQlSourceBuilder [main] GraphQL schema inspection:
	Unmapped fields: {Query=[_empty]}
	Unmapped registrations: {}
	Unmapped arguments: {}
	Skipped types: []
2025-09-27 15:15:36,834 INFO o.s.b.a.g.s.GraphQlWebMvcAutoConfiguration [main] GraphQL endpoint HTTP POST /graphql
2025-09-27 15:15:37,277 INFO o.a.j.l.DirectJDKLog [main] Starting ProtocolHandler ["http-nio-8081"]
2025-09-27 15:15:37,362 INFO o.s.b.w.e.t.TomcatWebServer [main] Tomcat started on port 8081 (http) with context path '/'
2025-09-27 15:15:37,375 INFO o.s.a.r.c.AbstractConnectionFactory [main] Attempting to connect to: [localhost:5672]
2025-09-27 15:15:37,515 INFO o.s.a.r.c.AbstractConnectionFactory [main] Created new connection: rabbitConnectionFactory#2c39c520:0/SimpleConnection@1000303a [delegate=amqp://guest@127.0.0.1:5672/, localPort=54166]
2025-09-27 15:15:37,660 INFO o.s.b.StartupInfoLogger [main] Started Bootstrap in 11.971 seconds (process running for 13.279)
2025-09-27 15:16:41,444 INFO o.a.j.l.DirectJDKLog [tomcat-handler-1] Initializing Spring DispatcherServlet 'dispatcherServlet'
2025-09-27 15:16:41,444 INFO o.s.w.s.FrameworkServlet [tomcat-handler-1] Initializing Servlet 'dispatcherServlet'
2025-09-27 15:16:41,445 INFO o.s.w.s.FrameworkServlet [tomcat-handler-1] Completed initialization in 1 ms
2025-09-27 15:16:41,505 INFO c.e.a.i.UserResourceAdapterIn [tomcat-handler-1] Finding user by document: 69066762020
2025-09-27 15:16:41,505 INFO c.e.a.o.FindUserAdapterOut [tomcat-handler-1] Sending request to User Management Service to find user by document: 69066762020
2025-09-27 15:16:41,672 INFO c.e.a.o.FindUserAdapterOut [tomcat-handler-1] Found user in User Management Service: UserResponse(document=69066762020, name=Kenneth de Oliveira Soares, email=kennetholiveira2015@gmail.com, userAddressResponse=UserAddressResponse(street=Rua Hermelinda Henriques de Araújo, city=João Pessoa, state=PB, postalCode=58051-020))
2025-09-27 15:16:41,673 INFO c.e.a.i.UserResourceAdapterIn [tomcat-handler-1] Found user: User{id=null, document='69066762020', name='Kenneth de Oliveira Soares', email='kennetholiveira2015@gmail.com', address=Address{id=null, street='Rua Hermelinda Henriques de Araújo', city='João Pessoa', state='PB', postalCode='58051-020'}}
2025-09-27 15:16:55,438 INFO c.e.a.i.ReservationInventoryGraphQLAdapterIn [task-1] Reservation with isbn: 9780132350884 and document: 69066762020
2025-09-27 15:16:55,439 INFO c.e.a.o.FindBookAdapterOut [task-1] Finding book by isbn: 9780132350884
2025-09-27 15:16:55,844 DEBUG c.e.a.o.c.i.InventoryManagementClientImpl [task-1] Book found by isbn: {"book":[{"id":1,"title":"Clean Code","authorName":"Robert C. Martin","text":"A Handbook of Agile Software Craftsmanship.","isbn":"9780132350884","category":{"id":1,"name":"Programming","description":"Best practices and principles for writing clean, maintainable code."}}]}
2025-09-27 15:16:56,100 INFO c.e.a.o.ReservationInventoryAdapterOut [task-1] Book with ISBN: 9780132350884 is reserved: false
2025-09-27 15:16:56,101 INFO c.e.a.o.FindUserAdapterOut [task-1] Sending request to User Management Service to find user by document: 69066762020
2025-09-27 15:16:56,133 INFO c.e.a.o.FindUserAdapterOut [task-1] Found user in User Management Service: UserResponse(document=69066762020, name=Kenneth de Oliveira Soares, email=kennetholiveira2015@gmail.com, userAddressResponse=UserAddressResponse(street=Rua Hermelinda Henriques de Araújo, city=João Pessoa, state=PB, postalCode=58051-020))
2025-09-27 15:16:56,134 INFO c.e.a.o.ReservationMessageQueuePublisherAdapterOut [task-1] Sending message to queue with isbn: 9780132350884 and document: 69066762020
2025-09-27 15:16:56,233 INFO c.e.a.o.p.ReservationMessageQueuePublisher [task-1] Reservation control repository saved with id: 137b649e-cd49-46fa-beb5-126d61be76fc
2025-09-27 15:16:56,250 INFO c.e.a.o.p.ReservationMessageQueuePublisher [task-1] Message sent to queue 'ms-reservation-inventory' for ISBN: 9780132350884, Document: 69066762020 with status: PENDING
2025-09-27 15:16:56,252 INFO c.e.a.i.ReservationInventoryGraphQLAdapterIn [task-1] Reservation enqueued: 137b649e-cd49-46fa-beb5-126d61be76fc
2025-09-27 15:16:56,265 INFO c.e.a.i.ReservationMessageQueueListenerAdapterIn [rabbit-simple-0] Received message queue: {"isbn":"9780132350884","document":"69066762020"}
2025-09-27 15:16:56,269 INFO c.e.a.o.FindUserAdapterOut [rabbit-simple-0] Sending request to User Management Service to find user by document: 69066762020
2025-09-27 15:16:56,281 INFO c.e.a.o.FindUserAdapterOut [rabbit-simple-0] Found user in User Management Service: UserResponse(document=69066762020, name=Kenneth de Oliveira Soares, email=kennetholiveira2015@gmail.com, userAddressResponse=UserAddressResponse(street=Rua Hermelinda Henriques de Araújo, city=João Pessoa, state=PB, postalCode=58051-020))
2025-09-27 15:16:56,285 INFO c.e.a.o.ReservationInventoryAdapterOut [rabbit-simple-0] Book with ISBN: 9780132350884 is reserved by document 69066762020: false
2025-09-27 15:16:56,286 INFO c.e.a.o.ReservationInventoryAdapterOut [rabbit-simple-0] Creating reservation for book with ISBN: 9780132350884 for student with document: 69066762020
2025-09-27 15:16:56,357 INFO c.e.a.o.ReservationInventoryAdapterOut [rabbit-simple-0] Reservation created successfully with status CONFIRMED
2025-09-27 15:16:56,362 INFO c.e.a.o.EmailServiceAdapterOut [rabbit-simple-0] Sending mail to: kennetholiveira2015@gmail.com, subject: Reservation Confirmed Successfully, text: Your reservation for the book: 9780132350884 has been confirmed.
2025-09-27 15:16:57,654 WARN c.e.a.o.EmailServiceAdapterOut [rabbit-simple-0] Failed to send email to: kennetholiveira2015@gmail.com, subject: Reservation Confirmed Successfully. Continuing processing.
2025-09-27 15:16:57,654 INFO c.e.a.i.ReservationMessageQueueListenerAdapterIn [rabbit-simple-0] Reservation created
2025-09-27 15:17:20,179 INFO c.e.a.i.ReservationInventoryAdapterIn [tomcat-handler-4] Find reservation List by document: 69066762020
2025-09-27 15:17:20,225 INFO c.e.a.o.c.i.InventoryManagementClientImpl [tomcat-handler-4] Books found: {"book":[{"id":1,"title":"Clean Code","authorName":"Robert C. Martin","text":"A Handbook of Agile Software Craftsmanship.","isbn":"9780132350884","category":{"id":1,"name":"Programming","description":"Best practices and principles for writing clean, maintainable code."}}]}
2025-09-27 15:17:20,232 INFO c.e.a.o.ReservationInventoryAdapterOut [tomcat-handler-4] Reservations found: 1
2025-09-27 15:27:59,622 INFO o.h.v.i.u.Version [background-preinit] HV000001: Hibernate Validator 8.0.1.Final
2025-09-27 15:27:59,711 INFO o.s.b.StartupInfoLogger [main] Starting Bootstrap using Java 21 with PID 51760 (C:\Users\koliveiras\workspace-study\ms-reservation-inventory\target\classes started by koliveiras in C:\Users\koliveiras\workspace-study\ms-reservation-inventory)
2025-09-27 15:27:59,712 DEBUG o.s.b.StartupInfoLogger [main] Running with Spring Boot v3.3.5, Spring v6.1.14
2025-09-27 15:27:59,714 INFO o.s.b.SpringApplication [main] The following 1 profile is active: "dev"
2025-09-27 15:28:02,198 INFO o.s.d.r.c.RepositoryConfigurationDelegate [main] Bootstrapping Spring Data JPA repositories in DEFAULT mode.
2025-09-27 15:28:03,175 INFO o.s.d.r.c.RepositoryConfigurationDelegate [main] Finished Spring Data repository scanning in 959 ms. Found 2 JPA repository interfaces.
2025-09-27 15:28:03,553 INFO o.s.c.c.s.GenericScope [main] BeanFactory id=cd4a634d-d364-3cb3-bc11-0221e82eadcf
2025-09-27 15:28:04,501 INFO o.s.b.w.e.t.TomcatWebServer [main] Tomcat initialized with port 8081 (http)
2025-09-27 15:28:04,517 INFO o.a.j.l.DirectJDKLog [main] Initializing ProtocolHandler ["http-nio-8081"]
2025-09-27 15:28:04,524 INFO o.a.j.l.DirectJDKLog [main] Starting service [Tomcat]
2025-09-27 15:28:04,525 INFO o.a.j.l.DirectJDKLog [main] Starting Servlet engine: [Apache Tomcat/10.1.31]
2025-09-27 15:28:04,857 INFO o.a.j.l.DirectJDKLog [main] Initializing Spring embedded WebApplicationContext
2025-09-27 15:28:04,859 INFO o.s.b.w.s.c.ServletWebServerApplicationContext [main] Root WebApplicationContext: initialization completed in 5046 ms
2025-09-27 15:28:04,911 INFO c.z.h.HikariDataSource [main] HikariPool-1 - Starting...
2025-09-27 15:28:05,360 INFO c.z.h.p.HikariPool [main] HikariPool-1 - Added connection conn0: url=jdbc:h2:mem:testdb user=SA
2025-09-27 15:28:05,367 INFO c.z.h.HikariDataSource [main] HikariPool-1 - Start completed.
2025-09-27 15:28:05,397 INFO o.s.b.a.h.H2ConsoleAutoConfiguration [main] H2 console available at '/h2-console'. Database available at 'jdbc:h2:mem:testdb'
2025-09-27 15:28:05,706 INFO o.h.j.i.u.LogHelper [main] HHH000204: Processing PersistenceUnitInfo [name: default]
2025-09-27 15:28:05,803 INFO o.h.Version [main] HHH000412: Hibernate ORM core version 6.5.3.Final
2025-09-27 15:28:05,855 INFO o.h.c.i.RegionFactoryInitiator [main] HHH000026: Second-level cache disabled
2025-09-27 15:28:06,331 INFO o.s.o.j.p.SpringPersistenceUnitInfo [main] No LoadTimeWeaver setup: ignoring JPA class transformer
2025-09-27 15:28:06,395 WARN o.h.e.j.d.i.DialectFactoryImpl [main] HHH90000025: H2Dialect does not need to be specified explicitly using 'hibernate.dialect' (remove the property setting and it will be selected by default)
2025-09-27 15:28:07,558 INFO o.h.e.t.j.p.i.JtaPlatformInitiator [main] HHH000489: No JTA platform available (set 'hibernate.transaction.jta.platform' to enable JTA platform integration)
2025-09-27 15:28:07,619 INFO o.s.o.j.AbstractEntityManagerFactoryBean [main] Initialized JPA EntityManagerFactory for persistence unit 'default'
2025-09-27 15:28:07,895 WARN o.s.b.a.o.j.JpaBaseConfiguration$JpaWebConfiguration [main] spring.jpa.open-in-view is enabled by default. Therefore, database queries may be performed during view rendering. Explicitly configure spring.jpa.open-in-view to disable this warning
2025-09-27 15:28:08,419 INFO o.s.d.j.r.q.QueryEnhancerFactory [main] Hibernate is in classpath; If applicable, HQL parser will be used.
2025-09-27 15:28:09,811 INFO o.s.g.e.DefaultSchemaResourceGraphQlSourceBuilder [main] Loaded 1 resource(s) in the GraphQL schema.
2025-09-27 15:28:10,179 INFO o.s.g.e.DefaultSchemaResourceGraphQlSourceBuilder [main] GraphQL schema inspection:
	Unmapped fields: {Query=[_empty]}
	Unmapped registrations: {}
	Unmapped arguments: {}
	Skipped types: []
2025-09-27 15:28:10,243 INFO o.s.b.a.g.s.GraphQlWebMvcAutoConfiguration [main] GraphQL endpoint HTTP POST /graphql
2025-09-27 15:28:10,798 INFO o.a.j.l.DirectJDKLog [main] Starting ProtocolHandler ["http-nio-8081"]
2025-09-27 15:28:10,932 INFO o.s.b.w.e.t.TomcatWebServer [main] Tomcat started on port 8081 (http) with context path '/'
2025-09-27 15:28:10,946 INFO o.s.a.r.c.AbstractConnectionFactory [main] Attempting to connect to: [localhost:5672]
2025-09-27 15:28:11,068 INFO o.s.a.r.c.AbstractConnectionFactory [main] Created new connection: rabbitConnectionFactory#172ca6a:0/SimpleConnection@37635407 [delegate=amqp://guest@127.0.0.1:5672/, localPort=54444]
2025-09-27 15:28:11,204 INFO o.s.b.StartupInfoLogger [main] Started Bootstrap in 12.752 seconds (process running for 14.451)
2025-09-27 15:29:42,945 INFO o.a.j.l.DirectJDKLog [tomcat-handler-1] Initializing Spring DispatcherServlet 'dispatcherServlet'
2025-09-27 15:29:42,945 INFO o.s.w.s.FrameworkServlet [tomcat-handler-1] Initializing Servlet 'dispatcherServlet'
2025-09-27 15:29:42,949 INFO o.s.w.s.FrameworkServlet [tomcat-handler-1] Completed initialization in 4 ms
2025-09-27 15:29:43,137 INFO c.e.a.i.UserResourceAdapterIn [tomcat-handler-1] Creating user: UserRequest(document=69066762020, name=Kenneth de Oliveira Soares, email=kennetholiveira2015@gmail.com, postalCode=58051020)
2025-09-27 15:29:43,138 INFO c.e.a.o.CreateUserAdapterOut [tomcat-handler-1] Sending request to User Management Service to create user: User{id=null, document='69066762020', name='Kenneth de Oliveira Soares', email='kennetholiveira2015@gmail.com', address=Address{id=null, street='null', city='null', state='null', postalCode='58051020'}}
2025-09-27 15:29:47,937 INFO c.e.a.o.CreateUserAdapterOut [tomcat-handler-1] Created user in User Management Service: UserResponse(document=69066762020, name=Kenneth de Oliveira Soares, email=kennetholiveira2015@gmail.com, userAddressResponse=UserAddressResponse(street=Rua Hermelinda Henriques de Araújo, city=João Pessoa, state=PB, postalCode=58051-020))
2025-09-27 15:29:47,968 INFO c.e.a.i.UserResourceAdapterIn [tomcat-handler-1] Created user: UserRequest(document=69066762020, name=Kenneth de Oliveira Soares, email=kennetholiveira2015@gmail.com, postalCode=58051020)
2025-09-27 15:30:04,593 INFO c.e.a.i.UserResourceAdapterIn [tomcat-handler-2] Finding user by document: 69066762020
2025-09-27 15:30:04,594 INFO c.e.a.o.FindUserAdapterOut [tomcat-handler-2] Sending request to User Management Service to find user by document: 69066762020
2025-09-27 15:30:05,158 INFO c.e.a.o.FindUserAdapterOut [tomcat-handler-2] Found user in User Management Service: UserResponse(document=69066762020, name=Kenneth de Oliveira Soares, email=kennetholiveira2015@gmail.com, userAddressResponse=UserAddressResponse(street=Rua Hermelinda Henriques de Araújo, city=João Pessoa, state=PB, postalCode=58051-020))
2025-09-27 15:30:05,159 INFO c.e.a.i.UserResourceAdapterIn [tomcat-handler-2] Found user: User{id=null, document='69066762020', name='Kenneth de Oliveira Soares', email='kennetholiveira2015@gmail.com', address=Address{id=null, street='Rua Hermelinda Henriques de Araújo', city='João Pessoa', state='PB', postalCode='58051-020'}}
2025-09-27 15:30:27,607 INFO c.e.a.i.BookResourceAdapterIn [tomcat-handler-3] Creating book with books controller : Book{id=null, title='Clean Code', authorName='Robert C. Martin', text='A Handbook of Agile Software Craftsmanship.', isbn='9780132350884', category=Category{id=null, name='Programming', description='Best practices and principles for writing clean, maintainable code.'}, reserved=null}
2025-09-27 15:30:27,612 INFO c.e.a.o.CreateBookAdapterOut [tomcat-handler-3] Creating book: Book{id=null, title='Clean Code', authorName='Robert C. Martin', text='A Handbook of Agile Software Craftsmanship.', isbn='9780132350884', category=Category{id=null, name='Programming', description='Best practices and principles for writing clean, maintainable code.'}, reserved=null}
2025-09-27 15:30:32,638 INFO c.e.a.o.c.i.InventoryManagementClientImpl [tomcat-handler-3] Category created: {"category":[{"id":1,"name":"Programming","description":"Best practices and principles for writing clean, maintainable code."}]}
2025-09-27 15:30:33,168 INFO c.e.a.o.c.i.InventoryManagementClientImpl [tomcat-handler-3] Book created: {"book":{"id":0,"title":"Clean Code","authorName":"Robert C. Martin","text":"A Handbook of Agile Software Craftsmanship.","isbn":"9780132350884","categoryId":1}}
2025-09-27 15:30:33,169 INFO c.e.a.o.CreateBookAdapterOut [tomcat-handler-3] Book created: Book{id=1, title='Clean Code', authorName='Robert C. Martin', text='A Handbook of Agile Software Craftsmanship.', isbn='9780132350884', category=Category{id=null, name='Programming', description='Best practices and principles for writing clean, maintainable code.'}, reserved=null}
2025-09-27 15:30:33,170 INFO c.e.a.i.BookResourceAdapterIn [tomcat-handler-3] Created book with books controller : Book{id=1, title='Clean Code', authorName='Robert C. Martin', text='A Handbook of Agile Software Craftsmanship.', isbn='9780132350884', category=Category{id=null, name='Programming', description='Best practices and principles for writing clean, maintainable code.'}, reserved=null}
2025-09-27 15:30:37,426 INFO c.e.a.i.BookResourceAdapterIn [tomcat-handler-4] Finding all books with books controller
2025-09-27 15:30:37,627 INFO c.e.a.o.c.i.InventoryManagementClientImpl [tomcat-handler-4] Books found: {"book":[{"id":1,"title":"Clean Code","authorName":"Robert C. Martin","text":"A Handbook of Agile Software Craftsmanship.","isbn":"9780132350884","category":{"id":1,"name":"Programming","description":"Best practices and principles for writing clean, maintainable code."}}]}
2025-09-27 15:30:37,968 INFO c.e.a.o.ReservationInventoryAdapterOut [tomcat-handler-4] Book with ISBN: 9780132350884 is reserved: false
2025-09-27 15:30:37,969 INFO c.e.a.i.BookResourceAdapterIn [tomcat-handler-4] Found all books with books controller
2025-09-27 15:30:41,188 INFO c.e.a.i.BookResourceAdapterIn [tomcat-handler-5] Finding book with isbn with books controller: 9780132350884
2025-09-27 15:30:41,188 INFO c.e.a.o.c.i.FeatureToggleClientImpl [tomcat-handler-5] Checking if feature test-ff is enabled
2025-09-27 15:30:41,483 INFO n.f.u.r.ToggleBackupHandlerFile [tomcat-handler-5] Unleash will try to load feature toggle states from temporary backup
2025-09-27 15:30:41,487 INFO n.f.u.r.ToggleBackupHandlerFile [tomcat-handler-5]  Unleash could not find the backup-file 'C:\Users\KOLIVE~1\AppData\Local\Temp\\unleash-PROD-repo.json'. 
This is expected behavior the first time unleash runs in a new environment.
2025-09-27 15:30:42,061 INFO c.e.a.o.c.i.FeatureToggleClientImpl [tomcat-handler-5] Feature test-ff is enabled: false
2025-09-27 15:30:42,061 INFO c.e.a.o.FindBookAdapterOut [tomcat-handler-5] Finding book by isbn: 9780132350884
2025-09-27 15:30:42,121 DEBUG c.e.a.o.c.i.InventoryManagementClientImpl [tomcat-handler-5] Book found by isbn: {"book":[{"id":1,"title":"Clean Code","authorName":"Robert C. Martin","text":"A Handbook of Agile Software Craftsmanship.","isbn":"9780132350884","category":{"id":1,"name":"Programming","description":"Best practices and principles for writing clean, maintainable code."}}]}
2025-09-27 15:30:42,126 INFO c.e.a.o.ReservationInventoryAdapterOut [tomcat-handler-5] Book with ISBN: 9780132350884 is reserved: false
2025-09-27 15:30:42,126 INFO c.e.a.i.BookResourceAdapterIn [tomcat-handler-5] Found book with isbn with books controller: Book{id=1, title='Clean Code', authorName='Robert C. Martin', text='A Handbook of Agile Software Craftsmanship.', isbn='9780132350884', category=Category{id=1, name='Programming', description='Best practices and principles for writing clean, maintainable code.'}, reserved=false}
2025-09-27 15:30:51,931 INFO c.e.a.i.ReservationInventoryAdapterIn [tomcat-handler-6] Reservation with isbn: 9780132350884 and document: 70943418496
2025-09-27 15:30:51,932 INFO c.e.a.o.FindBookAdapterOut [tomcat-handler-6] Finding book by isbn: 9780132350884
2025-09-27 15:30:51,972 DEBUG c.e.a.o.c.i.InventoryManagementClientImpl [tomcat-handler-6] Book found by isbn: {"book":[{"id":1,"title":"Clean Code","authorName":"Robert C. Martin","text":"A Handbook of Agile Software Craftsmanship.","isbn":"9780132350884","category":{"id":1,"name":"Programming","description":"Best practices and principles for writing clean, maintainable code."}}]}
2025-09-27 15:30:51,975 INFO c.e.a.o.ReservationInventoryAdapterOut [tomcat-handler-6] Book with ISBN: 9780132350884 is reserved: false
2025-09-27 15:30:51,976 INFO c.e.a.o.FindUserAdapterOut [tomcat-handler-6] Sending request to User Management Service to find user by document: 70943418496
2025-09-27 15:30:52,041 ERROR c.e.a.o.FindUserAdapterOut [tomcat-handler-6] Error sending request to User Management Service: : [500 Internal Server Error] during [GET] to [http://localhost:8084/api/v1/users?document=70943418496] [UserManagementServiceClient#findByDocument(String)]: [{"code":"500","message":"Unexpected Error: User not found","reason":"Internal Server Error","status":500}]
2025-09-27 15:30:52,045 ERROR c.e.i.e.ControllerExceptionHandler [tomcat-handler-6] Error(code=500, reason=Internal Server Error, message=Unexpected Error: Error sending request to User Management Service: [500 Internal Server Error] during [GET] to [http://localhost:8084/api/v1/users?document=70943418496] [UserManagementServiceClient#findByDocument(String)]: [{"code":"500","message":"Unexpected Error: User not found","reason":"Internal Server Error","status":500}], status=500, referenceError=null, baseType=null, schemaLocation=null, type=null)
2025-09-27 15:31:02,977 INFO c.e.a.i.ReservationInventoryGraphQLAdapterIn [task-1] Reservation with isbn: 9780132350884 and document: 69066762020
2025-09-27 15:31:02,977 INFO c.e.a.o.FindBookAdapterOut [task-1] Finding book by isbn: 9780132350884
2025-09-27 15:31:03,003 DEBUG c.e.a.o.c.i.InventoryManagementClientImpl [task-1] Book found by isbn: {"book":[{"id":1,"title":"Clean Code","authorName":"Robert C. Martin","text":"A Handbook of Agile Software Craftsmanship.","isbn":"9780132350884","category":{"id":1,"name":"Programming","description":"Best practices and principles for writing clean, maintainable code."}}]}
2025-09-27 15:31:03,055 INFO c.e.a.o.ReservationInventoryAdapterOut [task-1] Book with ISBN: 9780132350884 is reserved: false
2025-09-27 15:31:03,055 INFO c.e.a.o.FindUserAdapterOut [task-1] Sending request to User Management Service to find user by document: 69066762020
2025-09-27 15:31:03,084 INFO c.e.a.o.FindUserAdapterOut [task-1] Found user in User Management Service: UserResponse(document=69066762020, name=Kenneth de Oliveira Soares, email=kennetholiveira2015@gmail.com, userAddressResponse=UserAddressResponse(street=Rua Hermelinda Henriques de Araújo, city=João Pessoa, state=PB, postalCode=58051-020))
2025-09-27 15:31:03,084 INFO c.e.a.o.ReservationMessageQueuePublisherAdapterOut [task-1] Sending message to queue with isbn: 9780132350884 and document: 69066762020
2025-09-27 15:31:03,232 INFO c.e.a.o.p.ReservationMessageQueuePublisher [task-1] Reservation control repository saved with id: cc0157cb-2a5e-4287-91ff-45c551c810ac
2025-09-27 15:31:03,251 INFO c.e.a.o.p.ReservationMessageQueuePublisher [task-1] Message sent to queue 'ms-reservation-inventory' for ISBN: 9780132350884, Document: 69066762020 with status: PENDING
2025-09-27 15:31:03,252 INFO c.e.a.i.ReservationInventoryGraphQLAdapterIn [task-1] Reservation enqueued: cc0157cb-2a5e-4287-91ff-45c551c810ac
2025-09-27 15:31:03,266 INFO c.e.a.i.ReservationMessageQueueListenerAdapterIn [rabbit-simple-0] Received message queue: {"isbn":"9780132350884","document":"69066762020"}
2025-09-27 15:31:03,268 INFO c.e.a.o.FindUserAdapterOut [rabbit-simple-0] Sending request to User Management Service to find user by document: 69066762020
2025-09-27 15:31:03,278 INFO c.e.a.o.FindUserAdapterOut [rabbit-simple-0] Found user in User Management Service: UserResponse(document=69066762020, name=Kenneth de Oliveira Soares, email=kennetholiveira2015@gmail.com, userAddressResponse=UserAddressResponse(street=Rua Hermelinda Henriques de Araújo, city=João Pessoa, state=PB, postalCode=58051-020))
2025-09-27 15:31:03,282 INFO c.e.a.o.ReservationInventoryAdapterOut [rabbit-simple-0] Book with ISBN: 9780132350884 is reserved by document 69066762020: false
2025-09-27 15:31:03,283 INFO c.e.a.o.ReservationInventoryAdapterOut [rabbit-simple-0] Creating reservation for book with ISBN: 9780132350884 for student with document: 69066762020
2025-09-27 15:31:03,361 INFO c.e.a.o.ReservationInventoryAdapterOut [rabbit-simple-0] Reservation created successfully with status CONFIRMED
2025-09-27 15:31:03,365 INFO c.e.a.o.EmailServiceAdapterOut [rabbit-simple-0] Sending mail to: kennetholiveira2015@gmail.com, subject: Reservation Confirmed Successfully, text: Your reservation for the book: 9780132350884 has been confirmed.
2025-09-27 15:31:05,423 INFO c.e.a.o.EmailServiceAdapterOut [rabbit-simple-0] Email sent successfully to: kennetholiveira2015@gmail.com
2025-09-27 15:31:05,424 INFO c.e.a.i.ReservationMessageQueueListenerAdapterIn [rabbit-simple-0] Reservation created
2025-09-27 15:31:16,172 INFO c.e.a.i.ReservationInventoryAdapterIn [tomcat-handler-10] Find reservation List by document: 69066762020
2025-09-27 15:31:16,197 INFO c.e.a.o.c.i.InventoryManagementClientImpl [tomcat-handler-10] Books found: {"book":[{"id":1,"title":"Clean Code","authorName":"Robert C. Martin","text":"A Handbook of Agile Software Craftsmanship.","isbn":"9780132350884","category":{"id":1,"name":"Programming","description":"Best practices and principles for writing clean, maintainable code."}}]}
2025-09-27 15:31:16,197 INFO c.e.a.o.ReservationInventoryAdapterOut [tomcat-handler-10] Reservations found: 1
2025-09-27 15:55:43,587 INFO o.h.v.i.u.Version [background-preinit] HV000001: Hibernate Validator 8.0.1.Final
2025-09-27 15:55:43,669 INFO o.s.b.StartupInfoLogger [main] Starting Bootstrap using Java 21 with PID 39424 (C:\Users\koliveiras\workspace-study\ms-reservation-inventory\target\classes started by koliveiras in C:\Users\koliveiras\workspace-study\ms-reservation-inventory)
2025-09-27 15:55:43,669 DEBUG o.s.b.StartupInfoLogger [main] Running with Spring Boot v3.3.5, Spring v6.1.14
2025-09-27 15:55:43,671 INFO o.s.b.SpringApplication [main] The following 1 profile is active: "dev"
2025-09-27 15:55:45,679 INFO o.s.d.r.c.RepositoryConfigurationDelegate [main] Bootstrapping Spring Data JPA repositories in DEFAULT mode.
2025-09-27 15:55:45,984 INFO o.s.d.r.c.RepositoryConfigurationDelegate [main] Finished Spring Data repository scanning in 294 ms. Found 2 JPA repository interfaces.
2025-09-27 15:55:46,379 INFO o.s.c.c.s.GenericScope [main] BeanFactory id=c6a4734f-3497-3c8c-920f-5f68ccb09ff9
2025-09-27 15:55:47,006 INFO o.s.b.w.e.t.TomcatWebServer [main] Tomcat initialized with port 8081 (http)
2025-09-27 15:55:47,018 INFO o.a.j.l.DirectJDKLog [main] Initializing ProtocolHandler ["http-nio-8081"]
2025-09-27 15:55:47,022 INFO o.a.j.l.DirectJDKLog [main] Starting service [Tomcat]
2025-09-27 15:55:47,022 INFO o.a.j.l.DirectJDKLog [main] Starting Servlet engine: [Apache Tomcat/10.1.31]
2025-09-27 15:55:47,153 INFO o.a.j.l.DirectJDKLog [main] Initializing Spring embedded WebApplicationContext
2025-09-27 15:55:47,155 INFO o.s.b.w.s.c.ServletWebServerApplicationContext [main] Root WebApplicationContext: initialization completed in 3395 ms
2025-09-27 15:55:47,197 INFO c.z.h.HikariDataSource [main] HikariPool-1 - Starting...
2025-09-27 15:55:47,484 INFO c.z.h.p.HikariPool [main] HikariPool-1 - Added connection conn0: url=jdbc:h2:mem:testdb user=SA
2025-09-27 15:55:47,487 INFO c.z.h.HikariDataSource [main] HikariPool-1 - Start completed.
2025-09-27 15:55:47,502 INFO o.s.b.a.h.H2ConsoleAutoConfiguration [main] H2 console available at '/h2-console'. Database available at 'jdbc:h2:mem:testdb'
2025-09-27 15:55:47,692 INFO o.h.j.i.u.LogHelper [main] HHH000204: Processing PersistenceUnitInfo [name: default]
2025-09-27 15:55:47,788 INFO o.h.Version [main] HHH000412: Hibernate ORM core version 6.5.3.Final
2025-09-27 15:55:47,840 INFO o.h.c.i.RegionFactoryInitiator [main] HHH000026: Second-level cache disabled
2025-09-27 15:55:48,404 INFO o.s.o.j.p.SpringPersistenceUnitInfo [main] No LoadTimeWeaver setup: ignoring JPA class transformer
2025-09-27 15:55:48,481 WARN o.h.e.j.d.i.DialectFactoryImpl [main] HHH90000025: H2Dialect does not need to be specified explicitly using 'hibernate.dialect' (remove the property setting and it will be selected by default)
2025-09-27 15:55:50,008 INFO o.h.e.t.j.p.i.JtaPlatformInitiator [main] HHH000489: No JTA platform available (set 'hibernate.transaction.jta.platform' to enable JTA platform integration)
2025-09-27 15:55:50,071 INFO o.s.o.j.AbstractEntityManagerFactoryBean [main] Initialized JPA EntityManagerFactory for persistence unit 'default'
2025-09-27 15:55:50,290 WARN o.s.b.a.o.j.JpaBaseConfiguration$JpaWebConfiguration [main] spring.jpa.open-in-view is enabled by default. Therefore, database queries may be performed during view rendering. Explicitly configure spring.jpa.open-in-view to disable this warning
2025-09-27 15:55:50,690 INFO o.s.d.j.r.q.QueryEnhancerFactory [main] Hibernate is in classpath; If applicable, HQL parser will be used.
2025-09-27 15:55:52,165 INFO o.s.g.e.DefaultSchemaResourceGraphQlSourceBuilder [main] Loaded 1 resource(s) in the GraphQL schema.
2025-09-27 15:55:52,527 INFO o.s.g.e.DefaultSchemaResourceGraphQlSourceBuilder [main] GraphQL schema inspection:
	Unmapped fields: {Query=[_empty]}
	Unmapped registrations: {}
	Unmapped arguments: {}
	Skipped types: []
2025-09-27 15:55:52,588 INFO o.s.b.a.g.s.GraphQlWebMvcAutoConfiguration [main] GraphQL endpoint HTTP POST /graphql
2025-09-27 15:55:52,946 INFO o.a.j.l.DirectJDKLog [main] Starting ProtocolHandler ["http-nio-8081"]
2025-09-27 15:55:53,015 INFO o.s.b.w.e.t.TomcatWebServer [main] Tomcat started on port 8081 (http) with context path '/'
2025-09-27 15:55:53,026 INFO o.s.a.r.c.AbstractConnectionFactory [main] Attempting to connect to: [localhost:5672]
2025-09-27 15:55:53,098 INFO o.s.a.r.c.AbstractConnectionFactory [main] Created new connection: rabbitConnectionFactory#5d160056:0/SimpleConnection@4f143176 [delegate=amqp://guest@127.0.0.1:5672/, localPort=55288]
2025-09-27 15:55:53,186 INFO o.s.b.StartupInfoLogger [main] Started Bootstrap in 10.618 seconds (process running for 12.043)
2025-09-27 15:56:23,877 INFO o.a.j.l.DirectJDKLog [tomcat-handler-0] Initializing Spring DispatcherServlet 'dispatcherServlet'
2025-09-27 15:56:23,878 INFO o.s.w.s.FrameworkServlet [tomcat-handler-0] Initializing Servlet 'dispatcherServlet'
2025-09-27 15:56:23,880 INFO o.s.w.s.FrameworkServlet [tomcat-handler-0] Completed initialization in 2 ms
2025-09-27 15:56:24,001 INFO c.e.a.i.BookResourceAdapterIn [tomcat-handler-0] Creating book with books controller : BookRequest(title=Clean Code, authorName=Robert C. Martin, text=A Handbook of Agile Software Craftsmanship., isbn=9780132350884, categoryRequest=null)
2025-09-27 15:56:24,001 INFO c.e.a.o.CreateBookAdapterOut [tomcat-handler-0] Creating book: Book{id=null, title='Clean Code', authorName='Robert C. Martin', text='A Handbook of Agile Software Craftsmanship.', isbn='9780132350884', category=null, reserved=null}
2025-09-27 15:56:24,012 ERROR c.e.a.o.c.i.InventoryManagementClientImpl [tomcat-handler-0] Unexpected Error: Body parameter 0 was null
2025-09-27 15:56:24,013 ERROR c.e.a.i.BookResourceAdapterIn [tomcat-handler-0] Error creating book: Unexpected Error
2025-09-27 15:56:24,019 ERROR c.e.i.e.ControllerExceptionHandler [tomcat-handler-0] Error(code=500, reason=Internal Server Error, message=Unexpected Error: Unexpected Error, status=500, referenceError=null, baseType=null, schemaLocation=null, type=null)
java.lang.RuntimeException: Unexpected Error
	at com.example.adapter.out.client.impl.InventoryManagementClientImpl.lambda$saveCategory$8(InventoryManagementClientImpl.java:85)
	at com.example.adapter.out.client.impl.InventoryManagementClientImpl.handleExceptions(InventoryManagementClientImpl.java:117)
	at com.example.adapter.out.client.impl.InventoryManagementClientImpl.saveCategory(InventoryManagementClientImpl.java:74)
	at com.example.adapter.out.command.CreateCategoryCommand.execute(CreateCategoryCommand.java:20)
	at java.base/java.util.ArrayList.forEach(ArrayList.java:1596)
	at com.example.adapter.out.invoker.InventoryManagementInvoker.executeCommands(InventoryManagementInvoker.java:16)
	at com.example.adapter.out.CreateBookAdapterOut.create(CreateBookAdapterOut.java:29)
	at com.example.application.usecase.CreateBookUseCase.create(CreateBookUseCase.java:17)
	at com.example.adapter.in.BookResourceAdapterIn.create(BookResourceAdapterIn.java:46)
	at java.base/jdk.internal.reflect.DirectMethodHandleAccessor.invoke(DirectMethodHandleAccessor.java:103)
	at java.base/java.lang.reflect.Method.invoke(Method.java:580)
	at org.springframework.web.method.support.InvocableHandlerMethod.doInvoke(InvocableHandlerMethod.java:255)
	at org.springframework.web.method.support.InvocableHandlerMethod.invokeForRequest(InvocableHandlerMethod.java:188)
	at org.springframework.web.servlet.mvc.method.annotation.ServletInvocableHandlerMethod.invokeAndHandle(ServletInvocableHandlerMethod.java:118)
	at org.springframework.web.servlet.mvc.method.annotation.RequestMappingHandlerAdapter.invokeHandlerMethod(RequestMappingHandlerAdapter.java:926)
	at org.springframework.web.servlet.mvc.method.annotation.RequestMappingHandlerAdapter.handleInternal(RequestMappingHandlerAdapter.java:831)
	at org.springframework.web.servlet.mvc.method.AbstractHandlerMethodAdapter.handle(AbstractHandlerMethodAdapter.java:87)
	at org.springframework.web.servlet.DispatcherServlet.doDispatch(DispatcherServlet.java:1089)
	at org.springframework.web.servlet.DispatcherServlet.doService(DispatcherServlet.java:979)
	at org.springframework.web.servlet.FrameworkServlet.processRequest(FrameworkServlet.java:1014)
	at org.springframework.web.servlet.FrameworkServlet.doPost(FrameworkServlet.java:914)
	at jakarta.servlet.http.HttpServlet.service(HttpServlet.java:590)
	at org.springframework.web.servlet.FrameworkServlet.service(FrameworkServlet.java:885)
	at jakarta.servlet.http.HttpServlet.service(HttpServlet.java:658)
	at org.apache.catalina.core.ApplicationFilterChain.internalDoFilter(ApplicationFilterChain.java:195)
	at org.apache.catalina.core.ApplicationFilterChain.doFilter(ApplicationFilterChain.java:140)
	at org.apache.tomcat.websocket.server.WsFilter.doFilter(WsFilter.java:51)
	at org.apache.catalina.core.ApplicationFilterChain.internalDoFilter(ApplicationFilterChain.java:164)
	at org.apache.catalina.core.ApplicationFilterChain.doFilter(ApplicationFilterChain.java:140)
	at org.springframework.web.filter.RequestContextFilter.doFilterInternal(RequestContextFilter.java:100)
	at org.springframework.web.filter.OncePerRequestFilter.doFilter(OncePerRequestFilter.java:116)
	at org.apache.catalina.core.ApplicationFilterChain.internalDoFilter(ApplicationFilterChain.java:164)
	at org.apache.catalina.core.ApplicationFilterChain.doFilter(ApplicationFilterChain.java:140)
	at org.springframework.web.filter.FormContentFilter.doFilterInternal(FormContentFilter.java:93)
	at org.springframework.web.filter.OncePerRequestFilter.doFilter(OncePerRequestFilter.java:116)
	at org.apache.catalina.core.ApplicationFilterChain.internalDoFilter(ApplicationFilterChain.java:164)
	at org.apache.catalina.core.ApplicationFilterChain.doFilter(ApplicationFilterChain.java:140)
	at org.springframework.web.filter.CharacterEncodingFilter.doFilterInternal(CharacterEncodingFilter.java:201)
	at org.springframework.web.filter.OncePerRequestFilter.doFilter(OncePerRequestFilter.java:116)
	at org.apache.catalina.core.ApplicationFilterChain.internalDoFilter(ApplicationFilterChain.java:164)
	at org.apache.catalina.core.ApplicationFilterChain.doFilter(ApplicationFilterChain.java:140)
	at org.apache.catalina.core.StandardWrapperValve.invoke(StandardWrapperValve.java:167)
	at org.apache.catalina.core.StandardContextValve.invoke(StandardContextValve.java:90)
	at org.apache.catalina.authenticator.AuthenticatorBase.invoke(AuthenticatorBase.java:483)
	at org.apache.catalina.core.StandardHostValve.invoke(StandardHostValve.java:115)
	at org.apache.catalina.valves.ErrorReportValve.invoke(ErrorReportValve.java:93)
	at org.apache.catalina.core.StandardEngineValve.invoke(StandardEngineValve.java:74)
	at org.apache.catalina.connector.CoyoteAdapter.service(CoyoteAdapter.java:344)
	at org.apache.coyote.http11.Http11Processor.service(Http11Processor.java:384)
	at org.apache.coyote.AbstractProcessorLight.process(AbstractProcessorLight.java:63)
	at org.apache.coyote.AbstractProtocol$ConnectionHandler.process(AbstractProtocol.java:905)
	at org.apache.tomcat.util.net.NioEndpoint$SocketProcessor.doRun(NioEndpoint.java:1741)
	at org.apache.tomcat.util.net.SocketProcessorBase.run(SocketProcessorBase.java:52)
	at java.base/java.lang.VirtualThread.run(VirtualThread.java:311)
2025-09-27 15:57:43,312 INFO c.e.a.i.BookResourceAdapterIn [tomcat-handler-3] Creating book with books controller : BookRequest(title=Clean Code, authorName=Robert C. Martin, text=A Handbook of Agile Software Craftsmanship., isbn=9780132350884, categoryRequest=CategoryRequest(id=null, name=Programming, description=Best practices and principles for writing clean, maintainable code.))
2025-09-27 15:57:43,313 INFO c.e.a.o.CreateBookAdapterOut [tomcat-handler-3] Creating book: Book{id=null, title='Clean Code', authorName='Robert C. Martin', text='A Handbook of Agile Software Craftsmanship.', isbn='9780132350884', category=Category{id=null, name='Programming', description='Best practices and principles for writing clean, maintainable code.'}, reserved=null}
2025-09-27 15:57:44,558 INFO c.e.a.o.c.i.InventoryManagementClientImpl [tomcat-handler-3] Category created: {"category":[{"id":1,"name":"Programming","description":"Best practices and principles for writing clean, maintainable code."}]}
2025-09-27 15:57:44,829 INFO c.e.a.o.c.i.InventoryManagementClientImpl [tomcat-handler-3] Book created: {"book":{"id":0,"title":"Clean Code","authorName":"Robert C. Martin","text":"A Handbook of Agile Software Craftsmanship.","isbn":"9780132350884","categoryId":1}}
2025-09-27 15:57:44,830 INFO c.e.a.o.CreateBookAdapterOut [tomcat-handler-3] Book created: Book{id=1, title='Clean Code', authorName='Robert C. Martin', text='A Handbook of Agile Software Craftsmanship.', isbn='9780132350884', category=Category{id=null, name='Programming', description='Best practices and principles for writing clean, maintainable code.'}, reserved=null}
2025-09-27 15:57:44,839 INFO c.e.a.i.BookResourceAdapterIn [tomcat-handler-3] Created book with books controller : Book{id=1, title='Clean Code', authorName='Robert C. Martin', text='A Handbook of Agile Software Craftsmanship.', isbn='9780132350884', category=Category{id=null, name='Programming', description='Best practices and principles for writing clean, maintainable code.'}, reserved=null}
2025-09-27 15:58:10,969 INFO c.e.a.i.BookResourceAdapterIn [tomcat-handler-4] Finding book with isbn with books controller: 9780132350884
2025-09-27 15:58:10,969 INFO c.e.a.o.c.i.FeatureToggleClientImpl [tomcat-handler-4] Checking if feature test-ff is enabled
2025-09-27 15:58:11,195 INFO n.f.u.r.ToggleBackupHandlerFile [tomcat-handler-4] Unleash will try to load feature toggle states from temporary backup
2025-09-27 15:58:11,684 INFO c.e.a.o.c.i.FeatureToggleClientImpl [tomcat-handler-4] Feature test-ff is enabled: false
2025-09-27 15:58:11,684 INFO c.e.a.o.FindBookAdapterOut [tomcat-handler-4] Finding book by isbn: 9780132350884
2025-09-27 15:58:11,822 DEBUG c.e.a.o.c.i.InventoryManagementClientImpl [tomcat-handler-4] Book found by isbn: {"book":[{"id":1,"title":"Clean Code","authorName":"Robert C. Martin","text":"A Handbook of Agile Software Craftsmanship.","isbn":"9780132350884","category":{"id":1,"name":"Programming","description":"Best practices and principles for writing clean, maintainable code."}}]}
2025-09-27 15:58:12,019 INFO c.e.a.o.ReservationInventoryAdapterOut [tomcat-handler-4] Book with ISBN: 9780132350884 is reserved: false
2025-09-27 15:58:12,019 INFO c.e.a.i.BookResourceAdapterIn [tomcat-handler-4] Found book with isbn with books controller: BookResponse(title=Clean Code, authorName=Robert C. Martin, text=A Handbook of Agile Software Craftsmanship., isbn=9780132350884, categoryRequest=CategoryRequest(id=1, name=Programming, description=Best practices and principles for writing clean, maintainable code.), reserved=false)
2025-09-27 16:03:34,381 INFO o.h.v.i.u.Version [background-preinit] HV000001: Hibernate Validator 8.0.1.Final
2025-09-27 16:03:34,445 INFO o.s.b.StartupInfoLogger [main] Starting Bootstrap using Java 21 with PID 31016 (C:\Users\koliveiras\workspace-study\ms-reservation-inventory\target\classes started by koliveiras in C:\Users\koliveiras\workspace-study\ms-reservation-inventory)
2025-09-27 16:03:34,445 DEBUG o.s.b.StartupInfoLogger [main] Running with Spring Boot v3.3.5, Spring v6.1.14
2025-09-27 16:03:34,447 INFO o.s.b.SpringApplication [main] The following 1 profile is active: "dev"
2025-09-27 16:03:36,185 INFO o.s.d.r.c.RepositoryConfigurationDelegate [main] Bootstrapping Spring Data JPA repositories in DEFAULT mode.
2025-09-27 16:03:36,464 INFO o.s.d.r.c.RepositoryConfigurationDelegate [main] Finished Spring Data repository scanning in 270 ms. Found 2 JPA repository interfaces.
2025-09-27 16:03:36,764 INFO o.s.c.c.s.GenericScope [main] BeanFactory id=c6a4734f-3497-3c8c-920f-5f68ccb09ff9
2025-09-27 16:03:37,556 INFO o.s.b.w.e.t.TomcatWebServer [main] Tomcat initialized with port 8081 (http)
2025-09-27 16:03:37,574 INFO o.a.j.l.DirectJDKLog [main] Initializing ProtocolHandler ["http-nio-8081"]
2025-09-27 16:03:37,583 INFO o.a.j.l.DirectJDKLog [main] Starting service [Tomcat]
2025-09-27 16:03:37,584 INFO o.a.j.l.DirectJDKLog [main] Starting Servlet engine: [Apache Tomcat/10.1.31]
2025-09-27 16:03:37,738 INFO o.a.j.l.DirectJDKLog [main] Initializing Spring embedded WebApplicationContext
2025-09-27 16:03:37,740 INFO o.s.b.w.s.c.ServletWebServerApplicationContext [main] Root WebApplicationContext: initialization completed in 3230 ms
2025-09-27 16:03:37,798 INFO c.z.h.HikariDataSource [main] HikariPool-1 - Starting...
2025-09-27 16:03:38,129 INFO c.z.h.p.HikariPool [main] HikariPool-1 - Added connection conn0: url=jdbc:h2:mem:testdb user=SA
2025-09-27 16:03:38,133 INFO c.z.h.HikariDataSource [main] HikariPool-1 - Start completed.
2025-09-27 16:03:38,152 INFO o.s.b.a.h.H2ConsoleAutoConfiguration [main] H2 console available at '/h2-console'. Database available at 'jdbc:h2:mem:testdb'
2025-09-27 16:03:38,373 INFO o.h.j.i.u.LogHelper [main] HHH000204: Processing PersistenceUnitInfo [name: default]
2025-09-27 16:03:38,488 INFO o.h.Version [main] HHH000412: Hibernate ORM core version 6.5.3.Final
2025-09-27 16:03:38,575 INFO o.h.c.i.RegionFactoryInitiator [main] HHH000026: Second-level cache disabled
2025-09-27 16:03:39,232 INFO o.s.o.j.p.SpringPersistenceUnitInfo [main] No LoadTimeWeaver setup: ignoring JPA class transformer
2025-09-27 16:03:39,347 WARN o.h.e.j.d.i.DialectFactoryImpl [main] HHH90000025: H2Dialect does not need to be specified explicitly using 'hibernate.dialect' (remove the property setting and it will be selected by default)
2025-09-27 16:03:41,936 INFO o.h.e.t.j.p.i.JtaPlatformInitiator [main] HHH000489: No JTA platform available (set 'hibernate.transaction.jta.platform' to enable JTA platform integration)
2025-09-27 16:03:42,074 INFO o.s.o.j.AbstractEntityManagerFactoryBean [main] Initialized JPA EntityManagerFactory for persistence unit 'default'
2025-09-27 16:03:42,485 WARN o.s.b.a.o.j.JpaBaseConfiguration$JpaWebConfiguration [main] spring.jpa.open-in-view is enabled by default. Therefore, database queries may be performed during view rendering. Explicitly configure spring.jpa.open-in-view to disable this warning
2025-09-27 16:03:43,007 INFO o.s.d.j.r.q.QueryEnhancerFactory [main] Hibernate is in classpath; If applicable, HQL parser will be used.
2025-09-27 16:03:44,480 INFO o.s.g.e.DefaultSchemaResourceGraphQlSourceBuilder [main] Loaded 1 resource(s) in the GraphQL schema.
2025-09-27 16:03:44,756 INFO o.s.g.e.DefaultSchemaResourceGraphQlSourceBuilder [main] GraphQL schema inspection:
	Unmapped fields: {Query=[_empty]}
	Unmapped registrations: {}
	Unmapped arguments: {}
	Skipped types: []
2025-09-27 16:03:44,795 INFO o.s.b.a.g.s.GraphQlWebMvcAutoConfiguration [main] GraphQL endpoint HTTP POST /graphql
2025-09-27 16:03:45,174 INFO o.a.j.l.DirectJDKLog [main] Starting ProtocolHandler ["http-nio-8081"]
2025-09-27 16:03:45,247 INFO o.s.b.w.e.t.TomcatWebServer [main] Tomcat started on port 8081 (http) with context path '/'
2025-09-27 16:03:45,260 INFO o.s.a.r.c.AbstractConnectionFactory [main] Attempting to connect to: [localhost:5672]
2025-09-27 16:03:45,331 INFO o.s.a.r.c.AbstractConnectionFactory [main] Created new connection: rabbitConnectionFactory#2c555efb:0/SimpleConnection@12568b11 [delegate=amqp://guest@127.0.0.1:5672/, localPort=55437]
2025-09-27 16:03:45,445 INFO o.s.b.StartupInfoLogger [main] Started Bootstrap in 12.244 seconds (process running for 13.354)
2025-09-27 16:04:02,222 INFO o.a.j.l.DirectJDKLog [tomcat-handler-0] Initializing Spring DispatcherServlet 'dispatcherServlet'
2025-09-27 16:04:02,223 INFO o.s.w.s.FrameworkServlet [tomcat-handler-0] Initializing Servlet 'dispatcherServlet'
2025-09-27 16:04:02,225 INFO o.s.w.s.FrameworkServlet [tomcat-handler-0] Completed initialization in 1 ms
2025-09-27 16:04:02,390 INFO c.e.a.i.BookResourceAdapterIn [tomcat-handler-0] Creating book with books controller : BookRequest(title=Clean Code, authorName=Robert C. Martin, text=A Handbook of Agile Software Craftsmanship., isbn=9780132350884, categoryRequest=CategoryRequest(id=null, name=Programming, description=Best practices and principles for writing clean, maintainable code.))
2025-09-27 16:04:02,390 INFO c.e.a.o.CreateBookAdapterOut [tomcat-handler-0] Creating book: Book{id=null, title='Clean Code', authorName='Robert C. Martin', text='A Handbook of Agile Software Craftsmanship.', isbn='9780132350884', category=Category{id=null, name='Programming', description='Best practices and principles for writing clean, maintainable code.'}, reserved=null}
2025-09-27 16:04:02,919 INFO c.e.a.o.c.i.InventoryManagementClientImpl [tomcat-handler-0] Category created: {"category":[{"id":2,"name":"Programming","description":"Best practices and principles for writing clean, maintainable code."}]}
2025-09-27 16:04:02,970 INFO c.e.a.o.c.i.InventoryManagementClientImpl [tomcat-handler-0] Book created: {"book":{"id":0,"title":"Clean Code","authorName":"Robert C. Martin","text":"A Handbook of Agile Software Craftsmanship.","isbn":"9780132350884","categoryId":2}}
2025-09-27 16:04:02,970 INFO c.e.a.o.CreateBookAdapterOut [tomcat-handler-0] Book created: Book{id=2, title='Clean Code', authorName='Robert C. Martin', text='A Handbook of Agile Software Craftsmanship.', isbn='9780132350884', category=Category{id=null, name='Programming', description='Best practices and principles for writing clean, maintainable code.'}, reserved=null}
2025-09-27 16:04:02,985 INFO c.e.a.i.BookResourceAdapterIn [tomcat-handler-0] Created book with books controller : Book{id=2, title='Clean Code', authorName='Robert C. Martin', text='A Handbook of Agile Software Craftsmanship.', isbn='9780132350884', category=Category{id=null, name='Programming', description='Best practices and principles for writing clean, maintainable code.'}, reserved=null}
2025-09-27 16:04:08,802 INFO c.e.a.i.BookResourceAdapterIn [tomcat-handler-2] Finding all books with books controller
2025-09-27 16:04:08,842 INFO c.e.a.o.c.i.InventoryManagementClientImpl [tomcat-handler-2] Books found: {"book":[{"id":1,"title":"Clean Code","authorName":"Robert C. Martin","text":"A Handbook of Agile Software Craftsmanship.","isbn":"9780132350884","category":{"id":1,"name":"Programming","description":"Best practices and principles for writing clean, maintainable code."}}]}
2025-09-27 16:04:09,040 INFO c.e.a.o.ReservationInventoryAdapterOut [tomcat-handler-2] Book with ISBN: 9780132350884 is reserved: false
2025-09-27 16:04:09,040 INFO c.e.a.i.BookResourceAdapterIn [tomcat-handler-2] Found all books with books controller
2025-09-27 16:04:18,544 INFO c.e.a.i.BookResourceAdapterIn [tomcat-handler-3] Finding book with isbn with books controller: 9780132350884
2025-09-27 16:04:18,544 INFO c.e.a.o.c.i.FeatureToggleClientImpl [tomcat-handler-3] Checking if feature test-ff is enabled
2025-09-27 16:04:18,765 INFO n.f.u.r.ToggleBackupHandlerFile [tomcat-handler-3] Unleash will try to load feature toggle states from temporary backup
2025-09-27 16:04:19,369 INFO c.e.a.o.c.i.FeatureToggleClientImpl [tomcat-handler-3] Feature test-ff is enabled: false
2025-09-27 16:04:19,369 INFO c.e.a.o.FindBookAdapterOut [tomcat-handler-3] Finding book by isbn: 9780132350884
2025-09-27 16:04:19,397 DEBUG c.e.a.o.c.i.InventoryManagementClientImpl [tomcat-handler-3] Book found by isbn: {"book":[{"id":1,"title":"Clean Code","authorName":"Robert C. Martin","text":"A Handbook of Agile Software Craftsmanship.","isbn":"9780132350884","category":{"id":1,"name":"Programming","description":"Best practices and principles for writing clean, maintainable code."}}]}
2025-09-27 16:04:19,400 INFO c.e.a.o.ReservationInventoryAdapterOut [tomcat-handler-3] Book with ISBN: 9780132350884 is reserved: false
2025-09-27 16:04:19,401 INFO c.e.a.i.BookResourceAdapterIn [tomcat-handler-3] Found book with isbn with books controller: BookResponse(title=Clean Code, authorName=Robert C. Martin, text=A Handbook of Agile Software Craftsmanship., isbn=9780132350884, categoryResponse=CategoryResponse(id=1, name=Programming, description=Best practices and principles for writing clean, maintainable code.), reserved=false)
2025-09-27 16:05:12,606 INFO c.e.a.i.UserResourceAdapterIn [tomcat-handler-4] Finding user by document: 45616771007
2025-09-27 16:05:12,606 INFO c.e.a.o.FindUserAdapterOut [tomcat-handler-4] Sending request to User Management Service to find user by document: 45616771007
2025-09-27 16:05:12,836 INFO c.e.a.o.FindUserAdapterOut [tomcat-handler-4] Found user in User Management Service: UserResponse(document=45616771007, name=Kenneth de Oliveira Soares, email=kennetholiveira2015@gmail.com, userAddressResponse=UserAddressResponse(street=Rua Hermelinda Henriques de Araújo, city=João Pessoa, state=PB, postalCode=58051-020))
2025-09-27 16:05:12,837 INFO c.e.a.i.UserResourceAdapterIn [tomcat-handler-4] Found user: User{id=null, document='45616771007', name='Kenneth de Oliveira Soares', email='kennetholiveira2015@gmail.com', address=Address{id=null, street='Rua Hermelinda Henriques de Araújo', city='João Pessoa', state='PB', postalCode='58051-020'}}
2025-09-27 16:05:25,103 INFO c.e.a.i.ReservationInventoryAdapterIn [tomcat-handler-5] Reservation with isbn: 9780132350884 and document: 45616771007
2025-09-27 16:05:25,103 INFO c.e.a.o.FindBookAdapterOut [tomcat-handler-5] Finding book by isbn: 9780132350884
2025-09-27 16:05:25,125 DEBUG c.e.a.o.c.i.InventoryManagementClientImpl [tomcat-handler-5] Book found by isbn: {"book":[{"id":1,"title":"Clean Code","authorName":"Robert C. Martin","text":"A Handbook of Agile Software Craftsmanship.","isbn":"9780132350884","category":{"id":1,"name":"Programming","description":"Best practices and principles for writing clean, maintainable code."}}]}
2025-09-27 16:05:25,129 INFO c.e.a.o.ReservationInventoryAdapterOut [tomcat-handler-5] Book with ISBN: 9780132350884 is reserved: false
2025-09-27 16:05:25,130 INFO c.e.a.o.FindUserAdapterOut [tomcat-handler-5] Sending request to User Management Service to find user by document: 45616771007
2025-09-27 16:05:25,161 INFO c.e.a.o.FindUserAdapterOut [tomcat-handler-5] Found user in User Management Service: UserResponse(document=45616771007, name=Kenneth de Oliveira Soares, email=kennetholiveira2015@gmail.com, userAddressResponse=UserAddressResponse(street=Rua Hermelinda Henriques de Araújo, city=João Pessoa, state=PB, postalCode=58051-020))
2025-09-27 16:05:25,162 INFO c.e.a.o.ReservationMessageQueuePublisherAdapterOut [tomcat-handler-5] Sending message to queue with isbn: 9780132350884 and document: 45616771007
2025-09-27 16:05:25,266 INFO c.e.a.o.p.ReservationMessageQueuePublisher [tomcat-handler-5] Reservation control repository saved with id: 7cd73510-be5e-4614-8d62-fdcbb4273791
2025-09-27 16:05:25,283 INFO c.e.a.o.p.ReservationMessageQueuePublisher [tomcat-handler-5] Message sent to queue 'ms-reservation-inventory' for ISBN: 9780132350884, Document: 45616771007 with status: PENDING
2025-09-27 16:05:25,284 INFO c.e.a.i.ReservationInventoryAdapterIn [tomcat-handler-5] Reservation enqueued: 7cd73510-be5e-4614-8d62-fdcbb4273791
2025-09-27 16:05:25,299 INFO c.e.a.i.ReservationMessageQueueListenerAdapterIn [rabbit-simple-0] Received message queue: {"isbn":"9780132350884","document":"45616771007"}
2025-09-27 16:05:25,301 INFO c.e.a.o.FindUserAdapterOut [rabbit-simple-0] Sending request to User Management Service to find user by document: 45616771007
2025-09-27 16:05:25,312 INFO c.e.a.o.FindUserAdapterOut [rabbit-simple-0] Found user in User Management Service: UserResponse(document=45616771007, name=Kenneth de Oliveira Soares, email=kennetholiveira2015@gmail.com, userAddressResponse=UserAddressResponse(street=Rua Hermelinda Henriques de Araújo, city=João Pessoa, state=PB, postalCode=58051-020))
2025-09-27 16:05:25,357 INFO c.e.a.o.ReservationInventoryAdapterOut [rabbit-simple-0] Book with ISBN: 9780132350884 is reserved by document 45616771007: false
2025-09-27 16:05:25,357 INFO c.e.a.o.ReservationInventoryAdapterOut [rabbit-simple-0] Creating reservation for book with ISBN: 9780132350884 for student with document: 45616771007
2025-09-27 16:05:25,415 INFO c.e.a.o.ReservationInventoryAdapterOut [rabbit-simple-0] Reservation created successfully with status CONFIRMED
2025-09-27 16:05:25,418 INFO c.e.a.o.EmailServiceAdapterOut [rabbit-simple-0] Sending mail to: kennetholiveira2015@gmail.com, subject: Reservation Confirmed Successfully, text: Your reservation for the book: 9780132350884 has been confirmed.
2025-09-27 16:05:27,390 INFO c.e.a.o.EmailServiceAdapterOut [rabbit-simple-0] Email sent successfully to: kennetholiveira2015@gmail.com
2025-09-27 16:05:27,391 INFO c.e.a.i.ReservationMessageQueueListenerAdapterIn [rabbit-simple-0] Reservation created
2025-09-27 16:05:30,999 INFO c.e.a.i.ReservationInventoryAdapterIn [tomcat-handler-6] Find reservation List by document: 69066762020
2025-09-27 16:05:31,020 INFO c.e.a.o.c.i.InventoryManagementClientImpl [tomcat-handler-6] Books found: {"book":[{"id":1,"title":"Clean Code","authorName":"Robert C. Martin","text":"A Handbook of Agile Software Craftsmanship.","isbn":"9780132350884","category":{"id":1,"name":"Programming","description":"Best practices and principles for writing clean, maintainable code."}}]}
2025-09-27 16:05:31,025 INFO c.e.a.o.ReservationInventoryAdapterOut [tomcat-handler-6] Reservations found: 0
2025-09-27 16:05:33,954 INFO c.e.a.i.ReservationInventoryAdapterIn [tomcat-handler-7] Find reservation List by document: 45616771007
2025-09-27 16:05:33,981 INFO c.e.a.o.c.i.InventoryManagementClientImpl [tomcat-handler-7] Books found: {"book":[{"id":1,"title":"Clean Code","authorName":"Robert C. Martin","text":"A Handbook of Agile Software Craftsmanship.","isbn":"9780132350884","category":{"id":1,"name":"Programming","description":"Best practices and principles for writing clean, maintainable code."}}]}
2025-09-27 16:05:33,984 INFO c.e.a.o.ReservationInventoryAdapterOut [tomcat-handler-7] Reservations found: 1
